MRNA,PFE,JNJ,GOOGL,FB,AAPL,COST,WMT,KR,JPM,BAC
17.049999237060547,34.94307327270508,129.5399932861328,61.58150100708008,,54.974998474121094,288.69000244140625,115.56999969482422,25.979999542236328,119.16000366210938,30.1299991607666
17.65999984741211,34.629981994628906,129.6699981689453,61.49399948120117,,55.17499923706055,291.4100036621094,116.51000213623047,25.649999618530273,118.56999969482422,29.940000534057617
17.780000686645508,34.51612854003906,130.41000366210938,61.63249969482422,,55.692501068115234,292.42999267578125,117.16000366210938,25.219999313354492,119.76000213623047,30.0
17.899999618530273,34.639469146728516,130.11000061035156,61.9375,,55.2400016784668,287.8299865722656,117.11000061035156,25.81999969482422,119.37999725341797,29.81999969482422
18.06999969482422,34.810245513916016,131.64999389648438,61.492000579833984,,54.432498931884766,286.3599853515625,116.9800033569336,25.68000030517578,118.9000015258789,29.59000015258789
17.829999923706055,34.38330078125,131.74000549316406,61.734500885009766,,54.68000030517578,287.57000732421875,117.62000274658203,25.719999313354492,118.87999725341797,29.520000457763672
17.81999969482422,34.16508483886719,131.5500030517578,60.916500091552734,,54.41999816894531,287.9100036621094,118.4000015258789,25.809999465942383,117.33000183105469,28.940000534057617
17.18000030517578,34.06072235107422,130.99000549316406,62.297000885009766,,55.25749969482422,288.510009765625,118.47000122070312,25.770000457763672,118.0,29.25
16.34000015258789,33.946868896484375,128.85000610351562,62.114498138427734,,54.97249984741211,288.260009765625,118.30000305175781,25.780000686645508,117.02999877929688,29.1299991607666
15.899999618530273,34.36432647705078,128.60000610351562,61.29750061035156,,54.70500183105469,285.95001220703125,118.44999694824219,25.739999771118164,117.72000122070312,29.350000381469727
15.920000076293945,34.08918380737305,129.3800048828125,61.05699920654297,,55.99250030517578,288.1099853515625,118.68000030517578,25.780000686645508,117.69000244140625,29.170000076293945
14.8100004196167,33.61479949951172,129.99000549316406,60.29999923706055,,56.147499084472656,283.92999267578125,117.8499984741211,25.59000015258789,115.55000305175781,28.440000534057617
14.859999656677246,32.92219924926758,132.0,58.895999908447266,,54.7400016784668,285.1099853515625,116.12000274658203,25.049999237060547,113.25,27.84000015258789
15.069999694824219,33.6337776184082,131.19000244140625,59.471500396728516,,55.20500183105469,289.0,116.30999755859375,24.59000015258789,112.19000244140625,27.809999465942383
15.510000228881836,34.08918380737305,133.66000366210938,60.54800033569336,,56.752498626708984,291.6700134277344,118.16000366210938,24.790000915527344,114.62000274658203,28.3700008392334
15.470000267028809,33.99430847167969,133.16000366210938,60.412498474121094,,56.76499938964844,293.4100036621094,117.2300033569336,24.84000015258789,114.37000274658203,28.309999465942383
15.3100004196167,33.61479949951172,131.83999633789062,59.506500244140625,,56.099998474121094,291.8900146484375,117.58000183105469,24.459999084472656,111.81999969482422,27.6299991607666
14.199999809265137,33.861480712890625,129.22000122070312,60.119998931884766,,56.75749969482422,296.8999938964844,118.93000030517578,24.530000686645508,112.62999725341797,27.889999389648438
14.15999984741211,33.956356048583984,129.05999755859375,60.4734992980957,,57.522499084472656,297.1400146484375,119.61000061035156,23.84000015258789,114.20999908447266,28.450000762939453
14.055000305175781,34.25996017456055,131.3300018310547,60.785499572753906,,59.0525016784668,297.6000061035156,120.23999786376953,24.25,116.13999938964844,28.90999984741211
13.930000305175781,34.44022750854492,130.72000122070312,60.88850021362305,,58.967498779296875,297.5199890136719,119.16999816894531,24.100000381469727,116.44999694824219,29.139999389648438
14.329999923706055,34.629981994628906,132.83999633789062,62.11199951171875,,58.83000183105469,298.3900146484375,119.52999877929688,24.309999465942383,119.95999908447266,29.729999542236328
14.149999618530273,34.47817611694336,135.1699981689453,62.150001525878906,,58.592498779296875,298.7799987792969,119.41999816894531,24.510000228881836,119.68000030517578,30.170000076293945
14.539999961853027,34.5920295715332,136.1699981689453,62.63999938964844,,58.81999969482422,302.3999938964844,119.83999633789062,24.43000030517578,120.3499984741211,30.260000228881836
14.8100004196167,34.5920295715332,127.69999694824219,62.22050094604492,,59.102500915527344,302.8599853515625,119.13999938964844,23.940000534057617,120.55999755859375,30.350000381469727
15.5,34.5920295715332,128.02000427246094,62.2140007019043,,60.127498626708984,301.0799865722656,119.73999786376953,24.110000610351562,123.55000305175781,31.020000457763672
15.920000076293945,34.563568115234375,129.1999969482422,62.060001373291016,,59.9900016784668,299.9700012207031,119.58000183105469,24.850000381469727,124.79000091552734,31.200000762939453
16.899999618530273,34.886146545410156,129.89999389648438,62.881500244140625,,60.79499816894531,297.32000732421875,119.3499984741211,24.979999542236328,125.12000274658203,31.420000076293945
16.59000015258789,34.52561569213867,127.5,62.955501556396484,,60.89500045776367,297.04998779296875,119.0999984741211,24.93000030517578,125.02999877929688,31.360000610351562
17.010000228881836,34.886146545410156,128.35000610351562,63.21500015258789,,61.64500045776367,296.5,119.04000091552734,25.280000686645508,126.02999877929688,31.719999313354492
17.030000686645508,35.370018005371094,129.17999267578125,64.4489974975586,,62.26250076293945,298.94000244140625,119.22000122070312,25.329999923706055,126.51000213623047,31.84000015258789
16.989999771118164,36.25237274169922,129.1199951171875,63.03300094604492,,60.8224983215332,295.8599853515625,117.1500015258789,24.6299991607666,126.43000030517578,32.06999969482422
17.139999389648438,36.50853729248047,132.83999633789062,63.03499984741211,,60.814998626708984,299.8399963378906,118.0999984741211,24.739999771118164,125.7300033569336,31.6200008392334
16.75,36.4041748046875,132.0399932861328,62.939998626708984,,62.189998626708984,297.1099853515625,117.26000213623047,24.639999389648438,124.91999816894531,31.270000457763672
15.65999984741211,36.42314910888672,131.1999969482422,63.61249923706055,,63.95500183105469,296.0899963378906,117.62000274658203,24.989999771118164,127.80000305175781,31.799999237060547
16.799999237060547,36.08159255981445,130.22999572753906,64.48049926757812,,64.375,296.82000732421875,117.56999969482422,24.989999771118164,128.82000732421875,32.400001525878906
16.889999389648438,35.55977249145508,130.4199981689453,64.5719985961914,,64.28250122070312,299.17999267578125,118.86000061035156,27.829999923706055,129.10000610351562,32.81999969482422
16.1299991607666,35.68311309814453,130.9600067138672,64.55049896240234,,64.30999755859375,301.57000732421875,119.5,27.0,129.3000030517578,32.790000915527344
17.5,35.01897430419922,131.42999267578125,65.34700012207031,,64.85749816894531,305.2099914550781,120.2300033569336,26.860000610351562,130.0,33.22999954223633
17.489999771118164,35.15180206298828,133.0,65.44999694824219,,65.03500366210938,302.6199951171875,119.44000244140625,27.020000457763672,130.3800048828125,33.2599983215332
17.399999618530273,35.0379524230957,131.97999572753906,64.91400146484375,,65.55000305175781,300.8399963378906,119.04000091552734,26.610000610351562,129.9199981689453,33.18000030517578
17.989999771118164,35.07590103149414,131.35000610351562,64.8604965209961,,65.48999786376953,300.5,119.12000274658203,27.0,129.16000366210938,33.09000015258789
18.25,34.724857330322266,131.27000427246094,64.80899810791016,,66.11750030517578,302.8999938964844,120.9800033569336,27.059999465942383,128.47999572753906,32.790000915527344
18.34000015258789,34.67741775512695,130.9600067138672,65.4574966430664,,65.66000366210938,304.5899963378906,120.6500015258789,26.90999984741211,128.60000610351562,32.70000076293945
19.3700008392334,35.370018005371094,134.94000244140625,66.677001953125,,66.44000244140625,303.6600036621094,118.87000274658203,26.75,129.52999877929688,32.93000030517578
19.450000762939453,35.31309127807617,134.8300018310547,65.99199676513672,,66.7750015258789,304.5400085449219,120.25,27.010000228881836,130.6199951171875,32.959999084472656
19.360000610351562,35.73054885864258,134.82000732421875,65.62950134277344,,66.57250213623047,302.239990234375,119.88999938964844,26.8700008392334,130.5800018310547,32.939998626708984
20.18000030517578,35.15180206298828,135.94000244140625,65.09300231933594,,65.79750061035156,300.57000732421875,119.12999725341797,26.59000015258789,129.6300048828125,32.689998626708984
20.200000762939453,35.806453704833984,136.44000244140625,65.00700378417969,,65.50250244140625,300.2699890136719,119.86000061035156,26.700000762939453,129.92999267578125,32.84000015258789
20.690000534057617,36.3662223815918,138.07000732421875,64.68350219726562,,65.44499969482422,299.30999755859375,119.36000061035156,27.049999237060547,130.7899932861328,33.18000030517578
20.0,36.69829177856445,137.17999267578125,65.28199768066406,,66.59249877929688,299.04998779296875,118.91999816894531,27.0,131.49000549316406,33.470001220703125
20.329999923706055,36.32827377319336,137.1699981689453,65.6500015258789,,66.07250213623047,301.239990234375,119.19000244140625,27.040000915527344,131.6699981689453,33.349998474121094
20.3700008392334,36.65085220336914,137.75,65.60649871826172,,66.95999908447266,300.760009765625,118.76000213623047,27.229999542236328,132.05999755859375,33.41999816894531
20.360000610351562,36.54648971557617,137.49000549316406,65.20449829101562,,66.8125,299.80999755859375,119.08999633789062,27.34000015258789,131.75999450683594,33.31999969482422
19.760000228881836,36.32827377319336,137.36000061035156,64.44300079345703,,66.04000091552734,297.3900146484375,119.27999877929688,27.739999771118164,131.47000122070312,33.43000030517578
21.280000686645508,36.10057067871094,137.16000366210938,64.73699951171875,,64.86250305175781,295.6700134277344,118.66999816894531,27.389999389648438,129.77999877929688,32.84000015258789
21.270000457763672,36.18595886230469,139.3800048828125,65.9469985961914,,65.43499755859375,296.5199890136719,118.69000244140625,27.639999389648438,132.33999633789062,33.150001525878906
20.639999389648438,36.08159255981445,139.55999755859375,66.3479995727539,,66.3949966430664,293.1000061035156,118.66000366210938,26.799999237060547,133.05999755859375,33.09000015258789
18.940000534057617,36.32827377319336,140.3800048828125,66.96949768066406,,67.67749786376953,294.95001220703125,119.77999877929688,27.489999771118164,135.0399932861328,33.66999816894531
18.780000686645508,36.35673522949219,140.5,67.14949798583984,,66.7300033569336,295.1600036621094,119.36000061035156,27.84000015258789,134.41000366210938,33.5099983215332
18.8700008392334,36.50853729248047,139.99000549316406,67.14450073242188,,67.12000274658203,295.7799987792969,119.13999938964844,27.8700008392334,134.5,33.529998779296875
18.649999618530273,36.26185989379883,140.97999572753906,67.2125015258789,,67.69249725341797,295.29998779296875,119.0,28.020000457763672,134.17999267578125,33.63999938964844
18.450000762939453,36.56546401977539,141.33999633789062,67.42449951171875,,67.86499786376953,297.3399963378906,119.76000213623047,28.200000762939453,138.02000427246094,34.68000030517578
18.6200008392334,36.3662223815918,141.3800048828125,67.34349822998047,,68.7874984741211,291.8699951171875,120.29000091552734,28.09000015258789,136.80999755859375,34.439998626708984
18.520000457763672,37.13472366333008,141.7899932861328,68.03500366210938,,69.96499633789062,293.5,120.54000091552734,28.309999465942383,137.33999633789062,34.70000076293945
18.440000534057617,36.907020568847656,143.55999755859375,67.74449920654297,,70.10250091552734,295.54998779296875,121.27999877929688,28.700000762939453,138.17999267578125,35.040000915527344
18.639999389648438,36.89753341674805,143.19000244140625,67.59549713134766,,69.93499755859375,291.8699951171875,119.86000061035156,28.329999923706055,138.0399932861328,35.11000061035156
19.40999984741211,36.97343444824219,145.35000610351562,67.8219985961914,,70.00499725341797,293.7099914550781,120.08000183105469,28.760000228881836,137.35000610351562,34.95000076293945
19.829999923706055,37.220115661621094,146.05999755859375,67.56099700927734,,69.86000061035156,294.8299865722656,120.29000091552734,29.0,137.24000549316406,34.959999084472656
19.700000762939453,37.305503845214844,146.44000244140625,67.53150177001953,,71.0,293.30999755859375,119.02999877929688,28.889999389648438,137.1999969482422,35.16999816894531
19.75,37.27703857421875,145.92999267578125,67.22149658203125,,71.06749725341797,294.2300109863281,119.51000213623047,29.100000381469727,137.5800018310547,35.220001220703125
19.860000610351562,37.362430572509766,145.8300018310547,68.12349700927734,,72.47750091552734,295.7300109863281,119.5199966430664,28.889999389648438,139.0399932861328,35.52000045776367
19.520000457763672,37.305503845214844,145.75,67.73200225830078,,72.44999694824219,294.1099853515625,119.58999633789062,28.760000228881836,139.13999938964844,35.349998474121094
19.049999237060547,36.916507720947266,145.3000030517578,66.9854965209961,,72.87999725341797,295.1400146484375,119.4000015258789,29.059999465942383,138.6300048828125,35.150001525878906
19.559999465942383,37.17267608642578,145.8699951171875,66.96949768066406,,73.4124984741211,293.9200134277344,118.83999633789062,28.989999771118164,139.39999389648438,35.220001220703125
19.229999542236328,37.13472366333008,145.97000122070312,68.43399810791016,,75.0875015258789,291.489990234375,118.94000244140625,28.65999984741211,141.08999633789062,35.63999938964844
18.889999389648438,36.93548583984375,144.27999877929688,68.07599639892578,,74.35749816894531,291.7300109863281,117.88999938964844,28.700000762939453,138.33999633789062,34.900001525878906
18.1299991607666,36.88804626464844,144.10000610351562,69.8905029296875,,74.94999694824219,291.80999755859375,117.6500015258789,28.799999237060547,138.22999572753906,34.849998474121094
17.780000686645508,36.764705657958984,144.97999572753906,69.75550079345703,,74.59750366210938,291.3500061035156,116.55999755859375,28.59000015258789,135.8800048828125,34.619998931884766
17.979999542236328,37.05882263183594,144.9600067138672,70.25199890136719,,75.79750061035156,294.69000244140625,116.16000366210938,28.420000076293945,136.94000244140625,34.970001220703125
18.399999618530273,36.89753341674805,145.38999938964844,70.989501953125,,77.40750122070312,299.4200134277344,117.36000061035156,28.440000534057617,137.44000244140625,35.029998779296875
19.139999389648438,37.466793060302734,145.05999755859375,71.447998046875,,77.5824966430664,297.239990234375,116.37999725341797,28.360000610351562,136.07000732421875,34.7400016784668
20.260000228881836,37.390892028808594,145.6999969482422,72.00150299072266,,79.23999786376953,299.8699951171875,115.87999725341797,28.420000076293945,137.1999969482422,35.060001373291016
20.0,38.0170783996582,146.52000427246094,71.52950286865234,,78.16999816894531,299.75,116.18000030517578,28.84000015258789,138.8000030517578,35.31999969482422
20.239999771118164,38.58633804321289,147.00999450683594,71.95999908447266,,77.83499908447266,300.82000732421875,115.27999877929688,28.290000915527344,136.72000122070312,34.66999816894531
21.010000228881836,38.52941131591797,148.1999969482422,72.50800323486328,,78.80999755859375,303.0299987792969,115.9000015258789,28.079999923706055,137.25,34.720001220703125
20.6200008392334,38.43453598022461,149.1699981689453,73.97599792480469,,79.68250274658203,304.67999267578125,114.95999908447266,28.149999618530273,138.1999969482422,34.709999084472656
20.940000534057617,38.27324676513672,149.27000427246094,74.11250305175781,,79.14250183105469,313.260009765625,115.58999633789062,28.40999984741211,136.83999633789062,34.2599983215332
21.969999313354492,38.13093185424805,148.25,74.19349670410156,,79.42500305175781,311.8900146484375,116.0999984741211,28.3700008392334,136.67999267578125,34.36000061035156
21.469999313354492,38.62428665161133,148.52999877929688,74.2344970703125,,79.80750274658203,312.8800048828125,115.80999755859375,28.440000534057617,136.5399932861328,34.119998931884766
21.1200008392334,37.779884338378906,148.32000732421875,73.30850219726562,,79.57749938964844,310.510009765625,114.37000274658203,28.190000534057617,133.14999389648438,33.540000915527344
22.739999771118164,38.10246658325195,148.75,71.58650207519531,,77.23750305175781,309.45001220703125,115.86000061035156,28.329999923706055,132.02999877929688,32.849998474121094
22.360000610351562,36.18595886230469,149.5,72.5250015258789,,79.42250061035156,310.8500061035156,116.5999984741211,28.329999923706055,134.42999267578125,33.2400016784668
20.549999237060547,35.65464782714844,150.5399932861328,72.83499908447266,,81.08499908447266,309.5799865722656,115.88999938964844,27.450000762939453,134.22999572753906,33.0099983215332
20.989999771118164,35.1707763671875,150.36000061035156,72.7125015258789,,80.96749877929688,309.4700012207031,116.58000183105469,27.549999237060547,135.88999938964844,33.47999954223633
20.510000228881836,35.332069396972656,148.8699951171875,71.63899993896484,,77.37750244140625,305.5199890136719,114.48999786376953,26.860000610351562,132.36000061035156,32.83000183105469
20.3799991607666,35.588233947753906,150.1699981689453,74.12999725341797,,77.16500091552734,302.0,114.2699966430664,26.979999542236328,133.3699951171875,32.970001220703125
20.8700008392334,35.75901412963867,151.60000610351562,72.27050018310547,,79.7125015258789,304.8999938964844,115.2699966430664,27.389999389648438,135.2899932861328,33.619998931884766
20.049999237060547,36.214420318603516,153.99000549316406,72.30249786376953,,80.36250305175781,308.95001220703125,116.80999755859375,28.079999923706055,137.58999633789062,34.709999084472656
19.8799991607666,36.299808502197266,153.52999877929688,73.79850006103516,,81.30249786376953,310.6099853515625,116.30999755859375,28.049999237060547,137.61000061035156,34.66999816894531
23.239999771118164,36.10057067871094,151.88999938964844,73.95549774169922,,80.00749969482422,313.6300048828125,116.44999694824219,27.959999084472656,137.1699981689453,34.61000061035156
23.649999618530273,35.87286376953125,151.86000061035156,75.43299865722656,,80.38749694824219,313.7900085449219,115.25,28.139999389648438,137.74000549316406,34.689998626708984
21.350000381469727,36.138519287109375,151.99000549316406,75.50299835205078,,79.90249633789062,310.67999267578125,115.4000015258789,28.440000534057617,138.0,34.77000045776367
19.010000228881836,35.806453704833984,151.08999633789062,75.93150329589844,,81.80000305175781,315.1199951171875,115.8499984741211,28.690000534057617,138.0,34.91999816894531
19.045000076293945,35.0379524230957,150.08999633789062,75.66950225830078,,81.21749877929688,318.20001220703125,117.44000244140625,28.6299991607666,137.8800048828125,34.90999984741211
19.0,34.639469146728516,150.1300048828125,75.9365005493164,,81.23750305175781,318.30999755859375,117.88999938964844,28.229999542236328,137.4600067138672,34.849998474121094
18.90999984741211,34.45920181274414,149.13999938964844,75.97200012207031,,79.75,322.04998779296875,119.62999725341797,29.709999084472656,135.63999938964844,34.27000045776367
18.920000076293945,34.37381362915039,148.94000244140625,76.24349975585938,,80.90499877929688,323.0199890136719,117.68000030517578,29.540000915527344,137.49000549316406,34.720001220703125
18.540000915527344,34.013282775878906,148.3699951171875,75.84950256347656,,80.07499694824219,324.0799865722656,117.69000244140625,29.780000686645508,137.49000549316406,34.849998474121094
18.229999542236328,33.88994216918945,149.92999267578125,74.1729965209961,,78.26249694824219,321.95001220703125,118.58000183105469,30.309999465942383,135.80999755859375,34.36000061035156
18.59000015258789,32.89373779296875,145.91000366210938,70.99299621582031,,74.54499816894531,313.6199951171875,116.31999969482422,30.270000457763672,132.16000366210938,32.72999954223633
23.760000228881836,32.191650390625,144.64999389648438,69.31600189208984,,72.0199966430664,304.8699951171875,114.38999938964844,29.670000076293945,126.26000213623047,31.079999923706055
29.15999984741211,32.94117736816406,143.67999267578125,69.52349853515625,,73.1624984741211,305.69000244140625,113.77999877929688,28.75,126.63999938964844,30.6299991607666
26.15999984741211,32.35293960571289,139.1199951171875,65.74749755859375,,68.37999725341797,293.1300048828125,110.4000015258789,28.360000610351562,121.37000274658203,29.1299991607666
25.93000030517578,31.707780838012695,134.47999572753906,66.9625015258789,,68.33999633789062,281.1400146484375,107.68000030517578,28.1299991607666,116.11000061035156,28.5
29.8799991607666,33.092979431152344,140.02000427246094,69.31600189208984,,74.70249938964844,309.1400146484375,115.87999725341797,29.68000030517578,121.5199966430664,29.3700008392334
27.90999984741211,32.542694091796875,135.58999633789062,66.88600158691406,,72.33000183105469,302.7300109863281,112.91000366210938,29.34000015258789,116.95999908447266,27.75
27.489999771118164,34.53510284423828,143.47999572753906,69.08000183105469,,75.68499755859375,320.739990234375,116.7699966430664,30.959999084472656,119.8499984741211,28.389999389648438
28.010000228881836,33.64326477050781,142.00999450683594,65.73799896240234,,73.2300033569336,315.760009765625,115.91999816894531,33.470001220703125,113.97000122070312,26.780000686645508
29.610000610351562,33.225807189941406,142.02999877929688,64.78700256347656,,72.25749969482422,311.3399963378906,117.2300033569336,32.040000915527344,108.08000183105469,25.709999084472656
24.290000915527344,32.03036117553711,136.44000244140625,60.78950119018555,,66.5425033569336,301.9800109863281,117.16000366210938,31.25,93.44000244140625,21.93000030517578
22.34000015258789,32.81783676147461,141.63999938964844,63.75849914550781,,71.33499908447266,309.3999938964844,119.79000091552734,32.599998474121094,100.69999694824219,23.610000610351562
23.610000610351562,30.521821975708008,131.8000030517578,60.54499816894531,,68.85749816894531,297.42999267578125,114.43000030517578,30.59000015258789,95.95999908447266,22.670000076293945
22.299999237060547,28.48197364807129,125.41000366210938,55.57749938964844,,62.057498931884766,279.8500061035156,104.05000305175781,29.1200008392334,88.05000305175781,20.510000228881836
21.299999237060547,31.034156799316406,134.2899932861328,60.7135009765625,,69.49250030517578,302.2699890136719,114.0999984741211,30.709999084472656,103.91000366210938,24.15999984741211
26.489999771118164,28.63377571105957,127.12999725341797,53.650001525878906,,60.5525016784668,283.17999267578125,106.76000213623047,31.100000381469727,88.36000061035156,20.440000534057617
28.18000030517578,30.5123348236084,136.58999633789062,55.90299987792969,,63.21500015258789,306.989990234375,119.26000213623047,33.0,93.76000213623047,21.979999542236328
31.579999923706055,30.70208740234375,134.9600067138672,54.55950164794922,,61.66749954223633,307.5,122.58000183105469,33.90999984741211,83.88999938964844,20.790000915527344
28.270000457763672,28.861480712890625,127.05000305175781,55.583499908447266,,61.19499969482422,305.2200012207031,119.44999694824219,34.18000030517578,85.30000305175781,21.200000762939453
28.200000762939453,27.523719787597656,119.88999938964844,53.410499572753906,,57.310001373291016,290.4200134277344,113.97000122070312,31.770000457763672,83.5,19.670000076293945
26.56999969482422,27.03036117553711,111.13999938964844,52.70650100708008,,56.092498779296875,285.5299987792969,114.27999877929688,31.079999923706055,79.02999877929688,18.079999923706055
25.81999969482422,28.178367614746094,119.18000030517578,56.5004997253418,,61.720001220703125,284.94000244140625,115.02999877929688,30.149999618530273,88.43000030517578,21.030000686645508
27.1299991607666,28.225805282592773,119.4000015258789,55.08100128173828,,61.380001068115234,280.8599853515625,109.4000015258789,27.940000534057617,91.7300033569336,21.100000381469727
27.940000534057617,30.123340606689453,126.56999969482422,58.145999908447266,,64.61000061035156,292.29998779296875,109.81999969482422,29.0,98.12000274658203,22.719999313354492
30.049999237060547,29.3168888092041,123.16000366210938,55.51300048828125,,61.935001373291016,284.3299865722656,109.58000183105469,29.1299991607666,91.12999725341797,21.600000381469727
30.479999542236328,30.996204376220703,133.00999450683594,57.31549835205078,,63.70249938964844,291.1199951171875,115.19000244140625,29.649999618530273,93.5,22.040000915527344
29.950000762939453,30.967742919921875,131.1300048828125,58.09749984741211,,63.5724983215332,285.1300048828125,113.62000274658203,30.1200008392334,90.02999877929688,21.229999542236328
29.670000076293945,30.123340606689453,128.80999755859375,55.10499954223633,,60.227500915527344,286.7799987792969,114.13999938964844,30.5,84.36000061035156,19.770000457763672
33.20000076293945,31.185958862304688,133.14999389648438,55.85150146484375,,61.23249816894531,291.4800109863281,118.6500015258789,31.600000381469727,87.51000213623047,20.56999969482422
34.84000015258789,31.9165096282959,134.1699981689453,54.6349983215332,,60.352500915527344,288.6499938964844,119.4800033569336,32.290000915527344,84.05000305175781,20.030000686645508
34.63999938964844,32.79886245727539,139.75999450683594,59.15950012207031,,65.61750030517578,305.1199951171875,126.06999969482422,32.630001068115234,89.45999908447266,21.389999389648438
32.02000045776367,31.888046264648438,137.47999572753906,59.12799835205078,,64.85749816894531,303.6300048828125,121.98999786376953,31.860000610351562,90.63999938964844,22.139999389648438
32.41999816894531,32.82732391357422,143.25999450683594,60.349998474121094,,66.51750183105469,305.9700012207031,121.83999633789062,31.020000457763672,94.30000305175781,23.450000762939453
31.860000610351562,33.57685089111328,141.22999572753906,60.32849884033203,,66.99749755859375,300.010009765625,121.80000305175781,31.059999465942383,102.76000213623047,24.860000610351562
32.900001525878906,33.339656829833984,139.77000427246094,60.52050018310547,,68.3125,299.6199951171875,125.30000305175781,31.329999923706055,98.19000244140625,23.920000076293945
34.65999984741211,34.573055267333984,146.02999877929688,63.26150131225586,,71.76249694824219,314.1400146484375,129.0,32.09000015258789,95.5,23.729999542236328
37.25,34.12713623046875,147.66000366210938,62.8650016784668,,71.10749816894531,310.2699890136719,128.75999450683594,32.029998779296875,90.79000091552734,22.190000534057617
40.599998474121094,34.041744232177734,149.6699981689453,62.871498107910156,,71.67250061035156,321.55999755859375,132.3300018310547,31.950000762939453,87.33000183105469,21.420000076293945
46.849998474121094,35.01897430419922,152.02000427246094,63.95000076293945,,70.69999694824219,317.9200134277344,132.1199951171875,31.93000030517578,95.18000030517578,23.280000686645508
51.689998626708984,34.23149871826172,151.6699981689453,63.057498931884766,,69.23249816894531,312.0799865722656,129.85000610351562,31.93000030517578,91.70999908447266,22.5
49.2599983215332,33.795066833496094,149.67999267578125,60.608001708984375,,67.09249877929688,301.3299865722656,129.2100067138672,32.16999816894531,89.05000305175781,21.639999389648438
51.20000076293945,34.39278793334961,152.99000549316406,62.920501708984375,,69.0250015258789,309.4200134277344,131.58999633789062,32.310001373291016,89.33999633789062,21.799999237060547
47.439998626708984,34.810245513916016,155.50999450683594,63.55849838256836,,68.75749969482422,305.3999938964844,128.52999877929688,32.880001068115234,89.38999938964844,21.8700008392334
50.5,35.46489715576172,154.86000061035156,63.83000183105469,,70.74250030517578,310.54998779296875,129.44000244140625,32.959999084472656,90.70999908447266,22.18000030517578
48.04999923706055,36.3662223815918,154.2899932861328,63.542999267578125,,70.7925033569336,308.7799987792969,128.3000030517578,33.279998779296875,94.62000274658203,23.469999313354492
47.880001068115234,35.967742919921875,151.38999938964844,61.62950134277344,,69.6449966430664,304.95001220703125,128.0,32.36000061035156,95.29000091552734,23.889999389648438
46.369998931884766,36.16698455810547,150.24000549316406,67.10900115966797,,71.93250274658203,307.0899963378906,123.5999984741211,31.520000457763672,97.86000061035156,24.780000686645508
45.9900016784668,36.39468765258789,150.0399932861328,67.33499908447266,,73.44999694824219,303.0,121.55000305175781,31.610000610351562,95.76000213623047,24.049999237060547
47.93000030517578,35.71157455444336,148.2899932861328,65.86599731445312,,72.26750183105469,301.9200134277344,122.91999816894531,31.959999084472656,93.25,23.079999923706055
50.5,35.69260025024414,148.27000427246094,66.1449966430664,,73.29000091552734,304.489990234375,123.69999694824219,32.529998779296875,92.13999938964844,22.93000030517578
49.34000015258789,36.53700256347656,149.5,67.45099639892578,,74.38999938964844,307.9200134277344,124.7300033569336,32.810001373291016,92.0,22.65999984741211
48.95000076293945,36.53700256347656,148.0800018310547,67.27149963378906,,75.15750122070312,308.8900146484375,123.30000305175781,32.779998779296875,90.2699966430664,22.350000381469727
53.189998626708984,35.06641387939453,147.58999633789062,68.46399688720703,,75.93499755859375,305.0,121.88999938964844,32.68000030517578,91.20999908447266,22.84000015258789
59.25,35.31309127807617,148.6999969482422,69.21700286865234,,77.53250122070312,305.94000244140625,122.94000244140625,33.34000015258789,92.69999694824219,23.56999969482422
66.9000015258789,36.148006439208984,149.11000061035156,70.17949676513672,,78.75250244140625,310.3299865722656,123.66999816894531,33.72999954223633,89.97000122070312,22.579999923706055
62.349998474121094,35.445919036865234,147.13999938964844,68.75900268554688,,77.85250091552734,304.8399963378906,123.77999877929688,33.54999923706055,87.02999877929688,21.8700008392334
65.18000030517578,35.15180206298828,147.1300048828125,67.41649627685547,,76.9124984741211,302.1400146484375,123.70999908447266,34.099998474121094,84.02999877929688,20.8700008392334
64.55999755859375,35.977230072021484,147.63999938964844,67.84300231933594,,77.38500213623047,299.739990234375,123.41999816894531,32.779998779296875,87.5199966430664,21.709999084472656
66.69000244140625,35.8254280090332,150.44000244140625,68.65299987792969,,76.92749786376953,299.2099914550781,125.94000244140625,32.5099983215332,85.9000015258789,21.440000534057617
80.0,36.119544982910156,150.52000427246094,69.25900268554688,,78.73999786376953,302.760009765625,127.66000366210938,32.2599983215332,90.44999694824219,22.93000030517578
71.66999816894531,35.74952697753906,149.02000427246094,68.72000122070312,,78.28500366210938,304.6300048828125,124.94999694824219,31.760000228881836,88.66999816894531,22.209999084472656
73.47000122070312,35.70208740234375,147.67999267578125,70.45800018310547,,79.80750274658203,304.9100036621094,125.44999694824219,32.29999923706055,91.33000183105469,22.90999984741211
67.05000305175781,35.351043701171875,146.7100067138672,70.3375015258789,,79.2125015258789,301.9700012207031,124.98999786376953,32.119998931884766,90.16999816894531,22.899999618530273
69.0,35.5787467956543,144.3699951171875,70.66200256347656,,79.72250366210938,302.42999267578125,124.33000183105469,32.369998931884766,89.47000122070312,22.65999984741211
57.709999084472656,35.56925964355469,144.55999755859375,71.06849670410156,,79.18250274658203,304.79998779296875,123.86000061035156,31.3700008392334,95.81999969482422,24.280000686645508
52.18000030517578,35.49335861206055,144.88999938964844,71.01399993896484,,79.52749633789062,306.010009765625,122.4800033569336,33.279998779296875,101.37000274658203,25.979999542236328
55.540000915527344,36.223907470703125,146.97000122070312,70.91200256347656,,79.5625,309.55999755859375,123.69000244140625,32.060001373291016,99.86000061035156,24.860000610351562
61.5,36.2333984375,148.75,71.6760025024414,,79.48500061035156,308.4700012207031,124.05999755859375,32.619998931884766,97.30999755859375,24.1200008392334
62.18000030517578,33.64326477050781,147.19000244140625,71.74349975585938,,80.4625015258789,308.2900085449219,123.95999908447266,32.4900016784668,98.5999984741211,24.610000610351562
59.869998931884766,34.30739974975586,148.25,72.1155014038086,,80.83499908447266,307.0899963378906,123.94000244140625,33.0,98.93000030517578,24.84000015258789
59.88999938964844,34.30739974975586,148.64999389648438,71.9625015258789,,81.27999877929688,306.6400146484375,123.47000122070312,32.68000030517578,104.2699966430664,25.989999771118164
60.59000015258789,34.16508483886719,146.72999572753906,70.71499633789062,,80.58000183105469,310.75,122.11000061035156,33.11000061035156,106.44000244140625,26.780000686645508
58.189998626708984,34.14611053466797,147.3000030517578,72.0009994506836,,82.875,312.0400085449219,121.55999755859375,32.47999954223633,111.2300033569336,28.110000610351562
59.099998474121094,34.715370178222656,146.77000427246094,72.4020004272461,,83.36499786376953,307.19000244140625,121.23999786376953,33.0099983215332,113.44999694824219,28.540000915527344
58.22999954223633,34.35483932495117,145.9600067138672,72.60399627685547,,85.99749755859375,305.54998779296875,121.3499984741211,32.91999816894531,110.54000091552734,28.219999313354492
60.06999969482422,34.07969665527344,147.8000030517578,73.23500061035156,,88.20999908447266,307.3299865722656,121.16000366210938,32.56999969482422,106.05999755859375,26.600000381469727
60.20000076293945,31.59392738342285,140.8699951171875,70.09500122070312,,83.9749984741211,300.8299865722656,120.08999633789062,32.70000076293945,97.20999908447266,23.93000030517578
62.0,32.0208740234375,142.14999389648438,70.64600372314453,,84.69999694824219,298.70001220703125,117.73999786376953,32.2599983215332,99.87000274658203,24.780000686645508
66.56999969482422,31.650854110717773,141.25,71.03700256347656,,85.74749755859375,297.17999267578125,118.08000183105469,32.08000183105469,101.25,25.149999618530273
64.33999633789062,31.688804626464844,144.4600067138672,72.32350158691406,,88.0199966430664,301.3599853515625,119.6500015258789,32.529998779296875,102.05999755859375,25.799999237060547
63.310001373291016,31.840606689453125,144.02000427246094,72.62699890136719,,87.89749908447266,299.6099853515625,119.02999877929688,32.810001373291016,99.4800033569336,25.0
64.94999694824219,31.537002563476562,143.41000366210938,71.70600128173828,,87.93250274658203,299.57000732421875,117.98999786376953,31.809999465942383,98.94000244140625,25.040000915527344
66.3499984741211,31.707780838012695,143.8300018310547,71.23200225830078,,87.43000030517578,299.8999938964844,119.8499984741211,32.2400016784668,97.80999755859375,25.25
64.75,31.41366195678711,143.38999938964844,72.53299713134766,,89.71749877929688,300.45001220703125,121.68000030517578,32.06999969482422,96.75,24.6200008392334
62.939998626708984,31.091081619262695,142.86000061035156,73.1989974975586,,91.63249969482422,301.2900085449219,121.06999969482422,32.099998474121094,97.93000030517578,24.790000915527344
64.83999633789062,30.540796279907227,139.82000732421875,71.63500213623047,,90.01499938964844,298.0199890136719,120.30000305175781,32.81999969482422,94.66000366210938,23.809999465942383
62.0,30.66413688659668,139.6699981689453,72.05500030517578,,91.20999908447266,300.5299987792969,119.70999908447266,32.779998779296875,97.95999908447266,24.719999313354492
61.279998779296875,30.398481369018555,137.80999755859375,68.12699890136719,,88.40750122070312,296.55999755859375,118.31999969482422,32.68000030517578,92.58999633789062,23.149999618530273
62.08000183105469,30.967742919921875,139.0399932861328,69.8584976196289,,90.44499969482422,301.5899963378906,119.05999755859375,34.130001068115234,93.0,23.389999389648438
64.20999908447266,31.024667739868164,140.6300048828125,70.90249633789062,,91.19999694824219,303.2099914550781,119.77999877929688,33.849998474121094,94.05999755859375,23.75
61.59000015258789,32.01138687133789,140.3800048828125,72.0999984741211,,91.02749633789062,304.75,119.69000244140625,33.56999969482422,93.26000213623047,23.260000228881836
58.56999969482422,32.74193572998047,140.97000122070312,73.49649810791016,,91.02749633789062,305.739990234375,119.20999908447266,33.5,92.66000366210938,23.290000915527344
59.150001525878906,32.74193572998047,142.97999572753906,74.98249816894531,,93.4625015258789,311.489990234375,118.88999938964844,33.72999954223633,95.0,23.65999984741211
61.09000015258789,32.286529541015625,142.85000610351562,74.49600219726562,,93.17250061035156,316.2300109863281,126.94999694824219,33.68000030517578,92.31999969482422,23.010000228881836
61.58000183105469,32.0208740234375,143.27000427246094,75.18000030517578,,95.34249877929688,316.32000732421875,124.44000244140625,32.41999816894531,93.30000305175781,23.100000381469727
64.95999908447266,31.745731353759766,142.49000549316406,75.93299865722656,,95.75250244140625,325.5400085449219,127.75,32.7599983215332,91.27999877929688,22.770000457763672
62.61000061035156,32.09677505493164,142.3699951171875,76.95050048828125,,95.91999816894531,326.2300109863281,130.67999267578125,33.439998626708984,96.2699966430664,24.020000457763672
71.77999877929688,33.406070709228516,145.2100067138672,75.61150360107422,,95.47750091552734,322.9200134277344,129.52000427246094,33.279998779296875,97.6500015258789,24.190000534057617
75.04000091552734,33.425048828125,147.9199981689453,76.04299926757812,,97.05750274658203,328.0,132.00999450683594,34.2400016784668,98.20999908447266,24.139999389648438
80.22000122070312,33.88994216918945,148.25999450683594,75.84400177001953,,97.7249984741211,326.70001220703125,132.0,33.77000045776367,99.7300033569336,24.600000381469727
81.80999755859375,33.776092529296875,149.25,75.74600219726562,,96.52249908447266,326.2699890136719,132.1999969482422,33.72999954223633,100.01000213623047,23.93000030517578
94.8499984741211,34.39278793334961,149.35000610351562,75.84249877929688,,96.32749938964844,324.7900085449219,131.74000549316406,33.849998474121094,98.16000366210938,23.219999313354492
82.68000030517578,34.629981994628906,149.60000610351562,78.19200134277344,,98.35749816894531,326.510009765625,131.47000122070312,34.150001525878906,97.30000305175781,23.579999923706055
80.86000061035156,34.810245513916016,149.74000549316406,77.7959976196289,,97.0,327.739990234375,132.3300018310547,34.790000915527344,99.41000366210938,24.420000076293945
83.2249984741211,36.58443832397461,150.00999450683594,78.24250030517578,,97.27249908447266,328.29998779296875,132.66000366210938,35.15999984741211,98.69000244140625,24.309999465942383
75.33000183105469,36.44212341308594,149.61000061035156,75.8375015258789,,92.84500122070312,326.1099853515625,131.63999938964844,35.130001068115234,98.9800033569336,24.540000915527344
73.20999908447266,35.73054885864258,148.1199951171875,75.4104995727539,,92.61499786376953,325.7799987792969,131.24000549316406,34.709999084472656,98.27999877929688,24.350000381469727
79.91000366210938,35.61669921875,147.17999267578125,76.47149658203125,,94.80999755859375,327.6000061035156,131.2100067138672,34.7599983215332,96.9000015258789,24.139999389648438
81.48999786376953,37.0208740234375,146.8300018310547,75.18250274658203,,93.25250244140625,327.57000732421875,131.75999450683594,35.22999954223633,97.31999969482422,24.360000610351562
79.51000213623047,37.24857711791992,146.5399932861328,76.17549896240234,,95.04000091552734,326.1400146484375,130.69000244140625,35.11000061035156,99.68000030517578,25.270000457763672
77.62999725341797,36.755218505859375,146.83999633789062,76.91850280761719,,96.19000244140625,324.82000732421875,130.1199951171875,34.40999984741211,97.0199966430664,24.84000015258789
74.0999984741211,36.50853729248047,145.75999450683594,74.39749908447266,,106.26000213623047,325.5299987792969,129.39999389648438,34.790000915527344,96.63999938964844,24.8799991607666
77.9800033569336,36.38520050048828,147.35000610351562,74.13800048828125,,108.9375,329.32000732421875,129.3000030517578,35.099998474121094,96.0999984741211,24.989999771118164
78.45999908447266,36.42314910888672,147.22000122070312,73.66500091552734,,109.66500091552734,339.7900085449219,131.63999938964844,35.38999938964844,95.55000305175781,25.010000228881836
75.80000305175781,36.48007583618164,148.39999389648438,73.95449829101562,,110.0625,339.9700012207031,129.80999755859375,35.09000015258789,97.20999908447266,25.389999389648438
73.76000213623047,36.30929946899414,147.5500030517578,75.24749755859375,,113.90249633789062,343.30999755859375,129.35000610351562,35.029998779296875,97.23999786376953,25.469999313354492
74.0999984741211,36.48007583618164,148.60000610351562,74.91850280761719,,111.11250305175781,340.9100036621094,129.97000122070312,35.2400016784668,99.37999725341797,26.110000610351562
72.01000213623047,36.42314910888672,148.02999877929688,74.84100341796875,,112.72750091552734,340.0,131.8800048828125,35.029998779296875,100.63999938964844,26.559999465942383
68.97000122070312,35.85388946533203,146.97000122070312,74.0270004272461,,109.375,332.42999267578125,130.1999969482422,34.2599983215332,103.81999969482422,26.920000076293945
69.5199966430664,36.3662223815918,149.66000366210938,75.36199951171875,,113.01000213623047,336.760009765625,131.88999938964844,34.61000061035156,102.94000244140625,26.729999542236328
67.83000183105469,36.214420318603516,148.0,75.8324966430664,,115.01000213623047,335.70001220703125,131.85000610351562,34.59000015258789,102.37000274658203,26.350000381469727
69.1500015258789,36.11005783081055,148.24000549316406,75.23149871826172,,114.90750122070312,336.2799987792969,132.60000610351562,35.38999938964844,102.41000366210938,26.469999313354492
69.76000213623047,36.38520050048828,148.99000549316406,75.81199645996094,,114.60749816894531,339.9599914550781,135.60000610351562,36.0,99.70999908447266,25.899999618530273
67.02999877929688,36.39468765258789,150.08999633789062,77.78900146484375,,115.5625,340.75,134.7100067138672,36.2400016784668,98.31999969482422,25.530000686645508
68.0,36.299808502197266,150.38999938964844,77.23049926757812,,115.7074966430664,340.8999938964844,132.41000366210938,36.220001220703125,98.55000305175781,25.5
67.80999755859375,36.736244201660156,151.4199981689453,78.8125,,118.2750015258789,340.8699951171875,130.57000732421875,35.91999816894531,97.37000274658203,25.100000381469727
66.44999694824219,36.88804626464844,152.75999450683594,78.77850341796875,,124.37000274658203,344.6099853515625,131.6300048828125,35.90999984741211,97.31999969482422,24.979999542236328
64.87999725341797,36.850093841552734,152.14999389648438,79.25749969482422,,125.85749816894531,344.1300048828125,131.3300018310547,36.060001373291016,100.05999755859375,25.690000534057617
66.25,36.44212341308594,152.05999755859375,80.2925033569336,,124.82499694824219,344.7099914550781,130.6300048828125,36.08000183105469,100.5,26.0
70.5,36.10057067871094,152.3000030517578,82.20649719238281,,126.52249908447266,344.2699890136719,130.6999969482422,36.369998931884766,99.08999633789062,25.559999465942383
68.02999877929688,35.92030334472656,152.97999572753906,81.4260025024414,,125.01000213623047,346.3599853515625,136.6300048828125,36.15999984741211,102.3499984741211,26.049999237060547
67.48999786376953,35.967742919921875,153.63999938964844,81.97149658203125,,124.80750274658203,348.3699951171875,140.3000030517578,35.29999923706055,102.7699966430664,26.299999237060547
64.88999938964844,35.85388946533203,153.41000366210938,81.47650146484375,,129.0399932861328,347.6600036621094,138.85000610351562,35.68000030517578,100.19000244140625,25.739999771118164
63.31999969482422,34.99051284790039,151.52000427246094,82.75399780273438,,134.17999267578125,351.3800048828125,147.58999633789062,35.400001525878906,100.13999938964844,25.709999084472656
64.72000122070312,35.29411697387695,153.8300018310547,85.86949920654297,,131.39999389648438,358.8599853515625,147.67999267578125,36.599998474121094,101.6500015258789,26.020000457763672
64.83999633789062,34.53510284423828,149.5500030517578,81.47550201416016,,120.87999725341797,348.29998779296875,144.5399932861328,36.11000061035156,101.33000183105469,25.65999984741211
62.599998474121094,34.497154235839844,148.58999633789062,79.06050109863281,,120.95999908447266,346.57000732421875,142.8300018310547,35.470001220703125,103.5199966430664,26.540000915527344
54.34000015258789,34.08918380737305,147.25999450683594,76.18000030517578,,112.81999969482422,338.8599853515625,138.4499969482422,34.619998931884766,99.91999816894531,25.479999542236328
56.900001525878906,34.326377868652344,149.6999969482422,77.36150360107422,,117.31999969482422,346.42999267578125,139.88999938964844,35.18000030517578,100.87000274658203,25.510000228881836
57.560001373291016,33.82352828979492,146.91000366210938,76.30249786376953,,113.48999786376953,339.5299987792969,136.80999755859375,34.7400016784668,99.83000183105469,25.139999389648438
59.34000015258789,34.22201156616211,147.77999877929688,75.78800201416016,,112.0,339.1300048828125,136.6999969482422,34.369998931884766,101.06999969482422,25.5
63.66999816894531,35.113853454589844,148.35000610351562,75.44149780273438,,115.36000061035156,342.9200134277344,137.32000732421875,32.84000015258789,102.47000122070312,25.75
66.87999725341797,35.06641387939453,148.88999938964844,76.75599670410156,,115.54000091552734,343.9100036621094,137.36000061035156,32.720001220703125,99.27999877929688,25.280000686645508
68.83999633789062,34.89563751220703,148.39999389648438,75.60449981689453,,112.12999725341797,343.7300109863281,136.25999450683594,32.02000045776367,99.69999694824219,25.600000381469727
67.88999938964844,34.93358612060547,147.1699981689453,74.35199737548828,,110.33999633789062,338.8800048828125,136.69000244140625,32.5099983215332,98.55999755859375,25.350000381469727
69.87000274658203,34.75332260131836,149.17999267578125,72.55449676513672,,106.83999633789062,335.9599914550781,135.2899932861328,33.209999084472656,98.3499984741211,25.209999084472656
69.26000213623047,34.1745719909668,145.10000610351562,71.50700378417969,,110.08000183105469,339.57000732421875,137.07000732421875,33.459999084472656,95.30999755859375,24.469999313354492
68.72000122070312,34.39278793334961,144.2100067138672,72.99099731445312,,111.80999755859375,344.45001220703125,138.30999755859375,33.7400016784668,94.2699966430664,23.940000534057617
67.16000366210938,34.15559768676758,144.44000244140625,70.46949768066406,,107.12000274658203,344.6300048828125,135.99000549316406,33.279998779296875,92.73999786376953,23.260000228881836
65.16999816894531,33.927894592285156,144.6699981689453,71.14299774169922,,108.22000122070312,347.0,136.6999969482422,33.43000030517578,92.66000366210938,23.34000015258789
69.47000122070312,34.20303726196289,145.66000366210938,71.9530029296875,,112.27999877929688,342.5799865722656,137.27000427246094,33.529998779296875,93.47000122070312,23.489999771118164
70.55000305175781,34.52561569213867,147.11000061035156,72.93299865722656,,114.95999908447266,349.6199951171875,137.25,33.70000076293945,96.16000366210938,24.09000015258789
70.5199966430664,34.31688690185547,147.05999755859375,73.3010025024414,,114.08999633789062,352.1400146484375,137.13999938964844,33.77000045776367,95.3499984741211,23.770000457763672
70.75,34.819732666015625,148.8800048828125,73.27999877929688,,115.80999755859375,355.0,139.91000366210938,33.90999984741211,96.2699966430664,24.09000015258789
70.02999877929688,34.50664138793945,147.32000732421875,74.3949966430664,,116.79000091552734,358.4599914550781,143.0800018310547,34.02000045776367,96.97000122070312,24.100000381469727
68.80999755859375,34.51612854003906,146.24000549316406,72.77999877929688,,113.0199966430664,355.010009765625,140.5,34.06999969482422,97.88999938964844,24.209999084472656
71.94999694824219,34.86717224121094,148.22999572753906,74.1415023803711,,116.5,358.5799865722656,141.8000030517578,34.529998779296875,99.04000091552734,24.6200008392334
71.04000091552734,34.31688690185547,146.25999450683594,72.5510025024414,,113.16000366210938,358.3500061035156,140.6300048828125,33.95000076293945,98.0199966430664,24.3700008392334
72.37000274658203,34.60151672363281,147.8800048828125,72.95700073242188,,115.08000183105469,363.0199890136719,140.88999938964844,34.029998779296875,99.7300033569336,24.8799991607666
72.93000030517578,35.0,148.88999938964844,74.17150115966797,,114.97000122070312,365.0899963378906,141.36000061035156,34.290000915527344,101.77999877929688,25.239999771118164
73.0,34.90512466430664,150.97000122070312,75.52249908447266,,116.97000122070312,369.4599914550781,142.77999877929688,34.45000076293945,101.19999694824219,25.360000610351562
75.30999755859375,34.93358612060547,151.83999633789062,78.22949981689453,,124.4000015258789,376.4800109863281,144.25,34.630001068115234,102.44000244140625,25.68000030517578
78.29000091552734,35.00948715209961,148.36000061035156,78.35350036621094,,121.0999984741211,380.67999267578125,146.22999572753906,34.79999923706055,100.77999877929688,24.950000762939453
76.55999755859375,34.97153854370117,148.10000610351562,78.1719970703125,,121.19000244140625,378.3399963378906,143.94000244140625,33.84000015258789,100.22000122070312,23.6200008392334
75.58000183105469,34.67741775512695,147.19000244140625,77.77349853515625,,120.70999908447266,376.5799865722656,144.52999877929688,33.97999954223633,101.72000122070312,24.149999618530273
73.94000244140625,36.00569152832031,148.10000610351562,78.38500213623047,,119.0199966430664,381.5400085449219,144.7100067138672,34.06999969482422,101.51000213623047,24.239999771118164
70.95999908447266,35.86337661743164,144.32000732421875,76.49749755859375,,115.9800033569336,375.55999755859375,142.9499969482422,33.880001068115234,99.80000305175781,23.719999313354492
71.30999755859375,35.56925964355469,144.5500030517578,77.55400085449219,,117.51000213623047,378.30999755859375,143.89999389648438,33.33000183105469,100.37000274658203,24.139999389648438
68.37000274658203,35.180267333984375,143.92999267578125,79.29949951171875,,116.87000274658203,377.82000732421875,144.39999389648438,33.33000183105469,99.37000274658203,24.049999237060547
70.83999633789062,35.512332916259766,145.0800018310547,80.33300018310547,,115.75,375.75,143.5500030517578,32.63999938964844,102.87999725341797,24.8700008392334
70.52999877929688,36.223907470703125,145.24000549316406,81.64900207519531,,115.04000091552734,374.6000061035156,143.85000610351562,32.7599983215332,103.80999755859375,24.899999618530273
70.23999786376953,35.977230072021484,143.97000122070312,79.2145004272461,,115.05000305175781,370.7099914550781,142.16000366210938,33.15999984741211,101.23999786376953,24.540000915527344
70.66999816894531,35.512332916259766,143.14999389648438,79.94400024414062,,116.5999984741211,372.7200012207031,142.8699951171875,32.34000015258789,99.33000183105469,23.850000381469727
65.73999786376953,33.6337776184082,138.36000061035156,75.54000091552734,,111.19999694824219,364.9599914550781,140.0399932861328,32.15999984741211,96.54000091552734,23.469999313354492
71.27999877929688,33.47248458862305,137.19000244140625,77.84400177001953,,115.31999969482422,364.8599853515625,139.9199981689453,32.2599983215332,97.16999816894531,23.540000915527344
67.47000122070312,33.66223907470703,137.11000061035156,80.80549621582031,,108.86000061035156,357.6199951171875,138.75,32.209999084472656,98.04000091552734,23.700000762939453
67.11000061035156,34.37381362915039,138.69000244140625,81.21600341796875,,108.7699966430664,364.3900146484375,140.39999389648438,32.060001373291016,100.25,24.079999923706055
69.08000183105469,34.33586120605469,138.5,82.28299713134766,,110.44000244140625,371.9599914550781,142.77999877929688,32.7400016784668,103.41000366210938,24.690000534057617
69.80999755859375,35.417457580566406,139.39999389648438,87.2925033569336,,114.94999694824219,376.1700134277344,141.9600067138672,32.09000015258789,100.25,23.68000030517578
71.4800033569336,34.52561569213867,139.75999450683594,88.125,,119.02999877929688,385.2300109863281,143.47000122070312,32.720001220703125,104.3499984741211,24.610000610351562
72.44999694824219,34.53510284423828,142.25,87.98650360107422,,118.69000244140625,385.6600036621094,145.77000427246094,33.16999816894531,102.95999908447266,24.309999465942383
77.73999786376953,37.191650390625,146.0800018310547,88.07099914550781,,116.31999969482422,365.0,143.5399932861328,31.010000228881836,116.9000015258789,27.760000228881836
76.05000305175781,36.69829177856445,148.27999877929688,86.88600158691406,,115.97000122070312,366.6199951171875,145.55999755859375,31.920000076293945,116.5199966430664,27.65999984741211
82.44000244140625,36.52751541137695,147.8000030517578,87.36150360107422,,119.48999786376953,372.9200134277344,147.97999572753906,32.09000015258789,114.77999877929688,27.34000015258789
87.80999755859375,35.62618637084961,148.3000030517578,87.14099884033203,,119.20999908447266,375.7099914550781,148.22999572753906,32.029998779296875,113.37000274658203,26.690000534057617
89.38999938964844,36.64136505126953,149.89999389648438,88.61299896240234,,119.26000213623047,378.8399963378906,150.5399932861328,32.13999938964844,114.08000183105469,27.0
97.94999694824219,35.417457580566406,150.85000610351562,88.70149993896484,,120.30000305175781,379.7900085449219,152.44000244140625,32.29999923706055,117.30000305175781,27.579999923706055
93.1500015258789,36.040000915527344,149.35000610351562,88.08300018310547,,119.38999938964844,381.9200134277344,149.3699951171875,31.899999618530273,116.11000061035156,27.549999237060547
88.88999938964844,36.31999969482422,147.3699951171875,87.03199768066406,,118.02999877929688,382.2300109863281,149.08999633789062,32.040000915527344,115.25,26.979999542236328
92.7699966430664,36.189998626708984,147.13999938964844,87.92849731445312,,118.63999938964844,383.5400085449219,152.1199951171875,32.7599983215332,115.55999755859375,26.979999542236328
97.61000061035156,36.70000076293945,146.36000061035156,86.81900024414062,,117.33999633789062,381.1199951171875,150.24000549316406,32.439998626708984,114.56999969482422,26.809999465942383
101.02999877929688,36.52000045776367,143.8699951171875,86.37799835205078,,113.8499984741211,381.7099914550781,150.92999267578125,33.029998779296875,117.87000274658203,27.389999389648438
98.55999755859375,36.599998474121094,143.8699951171875,88.19499969482422,,115.16999816894531,384.2200012207031,151.36000061035156,32.689998626708984,123.31999969482422,28.979999542236328
109.18000030517578,36.529998779296875,143.67999267578125,88.20649719238281,,116.02999877929688,387.75,151.8300018310547,32.31999969482422,122.02999877929688,29.030000686645508
127.02999877929688,37.22999954223633,144.0,89.35099792480469,,116.58999633789062,388.3900146484375,151.60000610351562,32.43000030517578,121.22000122070312,28.989999771118164
152.74000549316406,38.310001373291016,144.67999267578125,87.72000122070312,,119.05000305175781,391.7699890136719,152.7899932861328,33.0,117.87999725341797,28.15999984741211
141.00999450683594,39.40999984741211,147.4499969482422,89.76799774169922,,122.72000122070312,387.55999755859375,152.63999938964844,33.0099983215332,119.73999786376953,28.690000534057617
143.0,40.79999923706055,148.13999938964844,91.24849700927734,,123.08000183105469,383.5,150.52000427246094,32.290000915527344,122.04000091552734,29.059999465942383
157.25999450683594,40.09000015258789,149.0,91.09200286865234,,122.94000244140625,374.04998779296875,149.3000030517578,30.8799991607666,121.23999786376953,28.90999984741211
152.52000427246094,40.34000015258789,150.27000427246094,91.18800354003906,,122.25,373.42999267578125,148.91000366210938,30.579999923706055,122.33999633789062,29.290000915527344
159.52000427246094,41.25,148.97000122070312,90.85150146484375,,123.75,373.3299865722656,148.11000061035156,30.950000762939453,121.87999725341797,29.09000015258789
169.86000061035156,42.560001373291016,151.5500030517578,90.56649780273438,,124.37999725341797,377.6000061035156,149.4499969482422,31.299999237060547,122.0,28.93000030517578
156.58999633789062,41.849998474121094,153.10000610351562,88.89299774169922,,121.77999877929688,374.2900085449219,148.27000427246094,31.209999084472656,121.05000305175781,28.799999237060547
155.69000244140625,41.72999954223633,152.25,88.38249969482422,,123.23999786376953,372.7900085449219,147.0399932861328,31.209999084472656,120.2699966430664,29.110000610351562
156.92999267578125,41.119998931884766,152.9499969482422,88.73999786376953,,122.41000366210938,375.1000061035156,147.0,31.34000015258789,119.55999755859375,28.56999969482422
155.07000732421875,39.209999084472656,149.07000732421875,87.61299896240234,,121.77999877929688,374.3800048828125,145.64999389648438,31.299999237060547,118.30000305175781,28.219999313354492
147.22000122070312,38.709999084472656,150.57000732421875,88.05400085449219,,127.87999725341797,371.8800048828125,145.5800018310547,31.190000534057617,120.31999969482422,28.639999389648438
137.02999877929688,37.84000015258789,149.6699981689453,87.8594970703125,,127.80999755859375,369.44000244140625,145.42999267578125,30.969999313354492,120.66999816894531,28.719999313354492
144.0,38.029998779296875,153.6199951171875,87.02549743652344,,128.6999969482422,370.2900085449219,146.10000610351562,31.0,119.66999816894531,28.829999923706055
140.22999572753906,37.68000030517578,154.50999450683594,86.31099700927734,,126.66000366210938,367.0,145.9499969482422,30.8700008392334,119.08000183105469,28.670000076293945
138.3000030517578,37.380001068115234,153.02000427246094,86.72799682617188,,128.22999572753906,364.9700012207031,145.97000122070312,30.799999237060547,123.55000305175781,29.739999771118164
125.87999725341797,36.7400016784668,152.72000122070312,86.01100158691406,,131.8800048828125,362.0299987792969,144.1999969482422,30.889999389648438,121.66999816894531,29.209999084472656
130.33999633789062,37.439998626708984,151.94000244140625,86.4114990234375,,130.9600067138672,361.8900146484375,143.22000122070312,31.389999389648438,125.06999969482422,30.049999237060547
123.38999938964844,37.27000045776367,152.47000122070312,86.70800018310547,,131.97000122070312,364.5799865722656,143.5,31.530000686645508,124.5199966430664,29.959999084472656
111.4000015258789,36.81999969482422,153.19000244140625,88.697998046875,,136.69000244140625,371.05999755859375,145.22000122070312,31.389999389648438,125.33999633789062,30.1299991607666
114.38999938964844,37.04999923706055,154.13999938964844,87.88800048828125,,134.8699951171875,372.7200012207031,144.3000030517578,31.459999084472656,125.01000213623047,30.010000228881836
111.12999725341797,36.7400016784668,156.0500030517578,86.8125,,133.72000122070312,374.45001220703125,144.17999267578125,31.549999237060547,125.36000061035156,29.979999542236328
104.47000122070312,36.810001373291016,157.3800048828125,87.63200378417969,,132.69000244140625,376.7799987792969,144.14999389648438,31.760000228881836,127.06999969482422,30.309999465942383
111.7300033569336,36.810001373291016,156.5,86.30650329589844,,129.41000366210938,380.1499938964844,146.52999877929688,32.130001068115234,125.87000274658203,30.030000686645508
109.18000030517578,37.189998626708984,158.33999633789062,87.00250244140625,,131.00999450683594,375.739990234375,145.75,31.899999618530273,125.6500015258789,30.260000228881836
116.26000213623047,36.869998931884766,159.8300018310547,86.14399719238281,,126.5999984741211,370.0199890136719,146.66000366210938,32.209999084472656,131.5500030517578,32.150001525878906
115.08999633789062,37.060001373291016,160.3699951171875,88.71700286865234,,130.9199981689453,367.9200134277344,146.64999389648438,31.81999969482422,135.8699951171875,32.86000061035156
112.75,37.130001068115234,160.0399932861328,89.8915023803711,,132.0500030517578,369.94000244140625,146.6300048828125,31.6299991607666,136.02000427246094,32.529998779296875
117.26000213623047,37.77000045776367,159.3699951171875,87.81449890136719,,128.97999572753906,364.010009765625,147.2899932861328,31.760000228881836,138.0500030517578,33.06999969482422
124.55000305175781,37.18000030517578,158.1300048828125,86.87149810791016,,128.8000030517578,364.20001220703125,148.97000122070312,31.520000457763672,140.22000122070312,33.65999984741211
124.05999755859375,36.86000061035156,157.88999938964844,87.36250305175781,,130.88999938964844,366.95001220703125,147.4499969482422,31.989999771118164,140.35000610351562,33.459999084472656
129.72000122070312,36.75,160.64999389648438,86.5459976196289,,128.91000366210938,362.3500061035156,146.97000122070312,33.13999938964844,141.1699981689453,33.9900016784668
129.64999389648438,36.70000076293945,160.3000030517578,86.38099670410156,,127.13999938964844,362.1600036621094,144.63999938964844,33.70000076293945,138.63999938964844,33.0099983215332
125.01000213623047,36.72999954223633,162.77999877929688,89.22350311279297,,127.83000183105469,354.4700012207031,143.38999938964844,33.619998931884766,138.0399932861328,32.77000045776367
125.13999938964844,36.5,162.3800048828125,94.00350189208984,,132.02999877929688,361.29998779296875,145.50999450683594,33.06999969482422,135.97000122070312,32.34000015258789
132.97999572753906,36.47999954223633,161.72999572753906,94.2074966430664,,136.8699951171875,362.79998779296875,144.85000610351562,33.209999084472656,134.8300018310547,31.770000457763672
131.02000427246094,36.54999923706055,163.5500030517578,94.62799835205078,,139.07000732421875,362.29998779296875,146.3300018310547,33.560001373291016,133.7899932861328,31.549999237060547
147.0,37.279998779296875,165.97999572753906,94.71399688720703,,142.9199981689453,361.8800048828125,146.1999969482422,34.56999969482422,132.1199951171875,31.15999984741211
151.92999267578125,37.310001373291016,170.47999572753906,95.39749908447266,,143.16000366210938,364.9800109863281,147.50999450683594,37.06999969482422,131.5800018310547,30.940000534057617
155.72999572753906,36.2400016784668,167.8800048828125,90.9469985961914,,142.05999755859375,356.3900146484375,143.83999633789062,38.75,127.86000061035156,29.829999923706055
159.5500030517578,35.86000061035156,169.16000366210938,92.66000366210938,,137.08999633789062,357.05999755859375,143.75,35.380001068115234,130.11000061035156,30.31999969482422
173.16000366210938,35.900001525878906,163.1300048828125,91.36799621582031,,131.9600067138672,352.42999267578125,140.49000549316406,34.5,128.6699981689453,29.649999618530273
157.47999572753906,35.79999923706055,162.7100067138672,94.65350341796875,,134.13999938964844,350.5199890136719,139.27000427246094,33.70000076293945,129.6199951171875,29.959999084472656
158.5800018310547,34.9900016784668,161.25,95.95600128173828,,134.99000549316406,355.5799865722656,140.77000427246094,33.099998474121094,133.61000061035156,31.030000686645508
165.86000061035156,34.84000015258789,160.5,102.94400024414062,,133.94000244140625,355.2099914550781,141.1999969482422,33.959999084472656,135.13999938964844,31.579999923706055
173.30999755859375,34.88999938964844,161.99000549316406,102.68150329589844,,137.38999938964844,355.8500061035156,142.52999877929688,33.45000076293945,138.25,32.5
176.24000549316406,34.91999816894531,164.4499969482422,104.44149780273438,,136.75999450683594,355.1700134277344,144.36000061035156,33.150001525878906,137.97999572753906,32.369998931884766
185.97999572753906,34.81999969482422,164.9199981689453,104.22599792480469,,136.91000366210938,359.8299865722656,145.02999877929688,33.279998779296875,140.13999938964844,33.09000015258789
179.52000427246094,34.970001220703125,166.27000427246094,103.76950073242188,,136.00999450683594,359.55999755859375,145.8300018310547,33.59000015258789,139.5800018310547,32.95000076293945
179.33999633789062,34.7400016784668,166.80999755859375,104.3239974975586,,135.38999938964844,356.1199951171875,144.1300048828125,33.61000061035156,139.66000366210938,32.97999954223633
183.44000244140625,34.43000030517578,166.05999755859375,104.4375,,135.1300048828125,352.20001220703125,144.02000427246094,33.400001525878906,139.27000427246094,32.880001068115234
183.74000549316406,34.720001220703125,166.5800018310547,104.75150299072266,,135.3699951171875,352.75,144.47000122070312,33.95000076293945,141.25,33.369998931884766
178.52999877929688,34.689998626708984,165.07000732421875,105.53500366210938,,133.19000244140625,354.0,145.66000366210938,33.65999984741211,144.64999389648438,34.27000045776367
176.75999450683594,34.88999938964844,165.66000366210938,105.93099975585938,,130.83999633789062,358.0400085449219,147.1999969482422,34.369998931884766,145.10000610351562,34.40999984741211
169.57000732421875,34.560001373291016,165.74000549316406,105.29049682617188,,129.7100067138672,356.9200134277344,137.66000366210938,33.84000015258789,145.58999633789062,34.189998626708984
174.74000549316406,34.439998626708984,162.97999572753906,104.44049835205078,,129.8699951171875,354.7699890136719,138.33999633789062,34.02000045776367,148.02000427246094,34.540000915527344
159.3699951171875,34.2599983215332,161.8699951171875,102.71299743652344,,126.0,350.2099914550781,137.69000244140625,33.59000015258789,149.41000366210938,35.150001525878906
150.1699981689453,33.90999984741211,160.44000244140625,103.00599670410156,,125.86000061035156,342.1499938964844,135.47000122070312,33.029998779296875,150.61000061035156,35.52000045776367
144.7899932861328,33.75,162.58999633789062,104.19049835205078,,125.3499984741211,340.70001220703125,133.2100067138672,32.75,153.25999450683594,36.380001068115234
148.3800048828125,33.81999969482422,162.75999450683594,100.79750061035156,,120.98999786376953,333.8999938964844,131.9499969482422,32.40999984741211,151.17999267578125,35.93000030517578
154.80999755859375,33.4900016784668,158.4600067138672,101.09549713134766,,121.26000213623047,331.0,129.9199981689453,32.209999084472656,147.1699981689453,34.709999084472656
157.39999389648438,33.689998626708984,159.32000732421875,103.48300170898438,,127.79000091552734,331.7699890136719,131.3699951171875,32.88999938964844,150.5,35.790000915527344
146.80999755859375,33.5099983215332,159.02000427246094,103.2239990234375,,125.12000274658203,328.4599914550781,130.11000061035156,32.560001373291016,150.00999450683594,35.529998779296875
131.22000122070312,34.38999938964844,156.22000122070312,100.57050323486328,,122.05999755859375,323.9200134277344,127.58999633789062,33.25,152.91000366210938,36.41999816894531
132.3000030517578,34.20000076293945,153.07000732421875,101.69650268554688,,120.12999725341797,319.0400085449219,127.52999877929688,34.09000015258789,150.55999755859375,36.5
132.19000244140625,34.38999938964844,156.10000610351562,104.85350036621094,,121.41999816894531,317.32000732421875,129.1199951171875,34.439998626708984,150.91000366210938,36.93000030517578
123.47000122070312,34.349998474121094,157.39999389648438,100.375,,116.36000061035156,311.4200134277344,127.87999725341797,34.7400016784668,152.91000366210938,37.130001068115234
130.8699951171875,34.45000076293945,157.6999969482422,102.01799774169922,,121.08999633789062,318.7799987792969,128.88999938964844,34.459999084472656,151.8300018310547,36.31999969482422
129.75,34.93000030517578,159.14999389648438,101.80950164794922,,119.9800033569336,323.8299865722656,132.17999267578125,35.2400016784668,155.1300048828125,37.369998931884766
140.47000122070312,34.709999084472656,159.13999938964844,105.0270004272461,,121.95999908447266,328.6499938964844,132.1300048828125,34.939998626708984,154.32000732421875,37.2400016784668
136.99000549316406,34.939998626708984,159.60000610351562,102.5,,121.02999877929688,331.1400146484375,134.1199951171875,35.459999084472656,156.14999389648438,37.939998626708984
143.66000366210938,35.40999984741211,160.4199981689453,102.72200012207031,,123.98999786376953,330.510009765625,133.42999267578125,35.869998931884766,155.3699951171875,37.75
156.02000427246094,35.83000183105469,161.3699951171875,104.19450378417969,,125.56999969482422,327.25,133.38999938964844,35.81999969482422,153.50999450683594,37.63999938964844
147.5500030517578,35.790000915527344,160.77000427246094,104.11100006103516,,124.76000213623047,329.19000244140625,132.27999877929688,35.279998779296875,155.08999633789062,37.95000076293945
141.4600067138672,35.77000045776367,160.47000122070312,101.06700134277344,,120.52999877929688,322.9800109863281,130.00999450683594,34.689998626708984,157.64999389648438,38.939998626708984
143.74000549316406,35.529998779296875,160.0399932861328,101.3479995727539,,119.98999786376953,328.9100036621094,131.74000549316406,35.400001525878906,155.13999938964844,38.529998779296875
145.60000610351562,36.0,160.5,101.53450012207031,,123.38999938964844,334.489990234375,132.3699951171875,36.189998626708984,150.97000122070312,37.65999984741211
136.52000427246094,35.36000061035156,160.35000610351562,102.06649780273438,,122.54000091552734,340.3399963378906,133.94000244140625,36.63999938964844,149.4600067138672,36.900001525878906
131.61000061035156,35.61000061035156,161.91000366210938,101.62650299072266,,120.08999633789062,338.0400085449219,133.11000061035156,35.709999084472656,150.6199951171875,36.900001525878906
133.3300018310547,35.66999816894531,161.97000122070312,101.62300109863281,,120.58999633789062,346.3399963378906,134.00999450683594,36.4900016784668,152.5500030517578,37.65999984741211
133.27999877929688,36.25,164.92999267578125,101.23650360107422,,121.20999908447266,352.0199890136719,135.1300048828125,37.22999954223633,155.08999633789062,38.68000030517578
123.41999816894531,36.619998931884766,166.0399932861328,102.28949737548828,,121.38999938964844,356.1499938964844,136.6699981689453,37.95000076293945,152.67999267578125,38.310001373291016
118.48999786376953,36.11000061035156,165.00999450683594,102.32350158691406,,119.9000015258789,349.75,135.74000549316406,38.08000183105469,154.47999572753906,38.9900016784668
130.9499969482422,36.22999954223633,164.35000610351562,103.1259994506836,,122.1500015258789,352.4800109863281,135.8300018310547,35.9900016784668,152.22999572753906,38.689998626708984
132.5500030517578,36.29999923706055,162.8300018310547,106.48899841308594,,123.0,354.94000244140625,135.6199951171875,35.95000076293945,153.7100067138672,39.4900016784668
129.91000366210938,36.279998779296875,163.42999267578125,110.947998046875,,125.9000015258789,360.82000732421875,139.42999267578125,36.72999954223633,153.6199951171875,39.79999923706055
133.52999877929688,36.04999923706055,163.38999938964844,110.46299743652344,,126.20999908447266,360.1199951171875,140.10000610351562,36.88999938964844,152.5399932861328,39.689998626708984
131.47000122070312,35.90999984741211,163.61000061035156,111.95149993896484,,127.9000015258789,358.80999755859375,139.8000030517578,37.150001525878906,154.92999267578125,40.04999923706055
133.8800048828125,35.959999084472656,162.97000122070312,112.52149963378906,,130.36000061035156,361.2200012207031,139.7100067138672,37.22999954223633,155.1199951171875,39.70000076293945
140.9199981689453,36.599998474121094,161.25,113.53350067138672,,133.0,363.2099914550781,139.77999877929688,37.779998779296875,156.27999877929688,39.9900016784668
139.39999389648438,36.970001220703125,161.63999938964844,112.23100280761719,,131.24000549316406,364.80999755859375,139.8000030517578,37.970001220703125,155.9499969482422,40.060001373291016
149.7100067138672,37.15999984741211,159.47999572753906,112.72149658203125,,134.42999267578125,365.2099914550781,139.3699951171875,37.58000183105469,154.08999633789062,39.31999969482422
160.02999877929688,37.16999816894531,159.9199981689453,112.09549713134766,,132.02999877929688,363.1700134277344,139.32000732421875,37.2400016784668,151.2100067138672,39.880001068115234
159.8699951171875,37.599998474121094,160.38999938964844,114.26249694824219,,134.5,368.79998779296875,140.16000366210938,37.189998626708984,152.1699981689453,38.7400016784668
170.80999755859375,38.56999969482422,162.24000549316406,114.13749694824219,,134.16000366210938,370.7200012207031,140.61000061035156,37.11000061035156,153.3000030517578,39.150001525878906
161.91000366210938,38.93000030517578,162.69000244140625,114.48799896240234,,134.83999633789062,369.54998779296875,139.7100067138672,37.43000030517578,152.64999389648438,39.16999816894531
156.77999877929688,39.029998779296875,166.47999572753906,113.95050048828125,,133.11000061035156,371.7300109863281,140.7899932861328,37.7599983215332,149.27000427246094,38.08000183105469
169.5,39.529998779296875,166.58999633789062,113.9175033569336,,133.5,374.0899963378906,141.1999969482422,37.90999984741211,150.5399932861328,38.720001220703125
168.10000610351562,38.63999938964844,165.17999267578125,112.6259994506836,,131.94000244140625,371.260009765625,139.6699981689453,37.43000030517578,147.3699951171875,38.36000061035156
173.6300048828125,38.65999984741211,165.52000427246094,114.99649810791016,,134.32000732421875,373.2799987792969,139.89999389648438,37.349998474121094,150.19000244140625,39.18000030517578
177.61000061035156,38.68000030517578,164.1199951171875,115.49649810791016,,134.72000122070312,368.5199890136719,137.91000366210938,36.540000915527344,150.55999755859375,39.40999984741211
183.41000366210938,38.45000076293945,163.17999267578125,114.54900360107422,,134.38999938964844,370.2099914550781,138.3800048828125,36.77000045776367,151.25,39.880001068115234
178.67999267578125,38.810001373291016,161.97999572753906,117.9520034790039,,133.5800018310547,369.5899963378906,137.88999938964844,36.650001525878906,152.22999572753906,40.029998779296875
175.6699981689453,38.599998474121094,164.1999969482422,119.63800048828125,,133.47999572753906,373.5400085449219,139.6300048828125,37.060001373291016,155.19000244140625,41.11000061035156
178.82000732421875,38.650001525878906,162.72999572753906,117.67500305175781,,131.4600067138672,372.0899963378906,139.91000366210938,36.540000915527344,153.80999755859375,40.529998779296875
186.02000427246094,39.83000183105469,165.2100067138672,117.15399932861328,,132.5399932861328,379.32000732421875,142.1199951171875,37.380001068115234,153.36000061035156,40.560001373291016
173.58999633789062,39.95000076293945,167.77000427246094,115.34149932861328,,127.8499984741211,375.2900085449219,140.72000122070312,35.88999938964844,155.47999572753906,41.0
162.83999633789062,39.970001220703125,167.07000732421875,115.7385025024414,,128.10000610351562,372.5,140.60000610351562,36.470001220703125,157.52000427246094,41.38999938964844
160.5,39.189998626708984,167.74000549316406,116.86750030517578,,129.74000549316406,382.760009765625,141.0500030517578,37.689998626708984,160.69000244140625,42.0099983215332
163.14999389648438,39.58000183105469,168.5,117.59649658203125,,130.2100067138672,384.32000732421875,140.1999969482422,37.72999954223633,161.24000549316406,42.18000030517578
158.5500030517578,39.86000061035156,170.27000427246094,114.5875015258789,,126.8499984741211,381.4800109863281,140.82000732421875,38.86000061035156,161.22000122070312,42.04999923706055
158.99000549316406,39.349998474121094,168.8800048828125,113.50299835205078,,125.91000366210938,378.17999267578125,139.5500030517578,38.41999816894531,158.5399932861328,41.56999969482422
152.67999267578125,39.689998626708984,168.1999969482422,110.01249694824219,,122.7699966430664,372.20001220703125,135.94000244140625,36.630001068115234,157.4499969482422,41.18000030517578
149.8699951171875,40.099998474121094,169.9600067138672,111.4520034790039,,124.97000122070312,379.5299987792969,138.24000549316406,36.810001373291016,161.5,41.84000015258789
161.3800048828125,40.02000045776367,170.22000122070312,113.91899871826172,,127.44999694824219,384.4200134277344,139.52000427246094,37.20000076293945,164.00999450683594,42.36000061035156
160.42999267578125,40.11000061035156,170.38999938964844,114.44599914550781,,126.2699966430664,383.9599914550781,138.88999938964844,37.38999938964844,164.6699981689453,42.7400016784668
159.52999877929688,40.04999923706055,170.4499969482422,113.12349700927734,,124.8499984741211,382.80999755859375,141.91000366210938,37.20000076293945,162.35000610351562,42.15999984741211
157.99000549316406,39.83000183105469,170.0800018310547,113.57499694824219,,124.69000244140625,379.6600036621094,141.9199981689453,36.400001525878906,161.11000061035156,41.970001220703125
165.97000122070312,40.119998931884766,171.07000732421875,115.34750366210938,,127.30999755859375,383.5799865722656,142.4199981689453,36.36000061035156,160.8300018310547,41.869998931884766
161.4499969482422,39.95000076293945,170.9600067138672,114.70649719238281,,125.43000030517578,380.7200012207031,141.75,36.59000015258789,162.66000366210938,42.400001525878906
164.1699981689453,39.810001373291016,170.5500030517578,118.052001953125,,127.0999984741211,383.45001220703125,141.75999450683594,36.599998474121094,163.5399932861328,42.630001068115234
169.25999450683594,39.33000183105469,170.0800018310547,118.14350128173828,,126.9000015258789,385.3800048828125,142.33999633789062,36.459999084472656,161.85000610351562,42.0099983215332
175.58999633789062,38.91999816894531,169.07000732421875,119.0155029296875,,126.8499984741211,385.6199951171875,142.1699981689453,36.38999938964844,161.8300018310547,42.040000915527344
179.5399932861328,38.650001525878906,168.80999755859375,118.13400268554688,,125.27999877929688,387.5,141.69000244140625,36.290000915527344,164.35000610351562,42.54999923706055
185.00999450683594,38.72999954223633,169.25,117.84249877929688,,124.61000061035156,378.2699890136719,142.02999877929688,36.97999954223633,164.24000549316406,42.38999938964844
184.66000366210938,38.5,165.52999877929688,119.05899810791016,,124.27999877929688,378.2300109863281,141.66000366210938,37.279998779296875,166.0500030517578,42.91999816894531
191.60000610351562,38.790000915527344,166.1999969482422,118.52950286865234,,125.05999755859375,380.5899963378906,141.35000610351562,37.95000076293945,166.05999755859375,42.939998626708984
195.22000122070312,38.970001220703125,166.0399932861328,117.37899780273438,,123.54000091552734,383.8699951171875,141.60000610351562,38.4900016784668,166.1699981689453,43.25
206.07000732421875,39.150001525878906,165.97000122070312,119.67849731445312,,125.88999938964844,387.5199890136719,141.85000610351562,38.61000061035156,166.44000244140625,43.27000045776367
219.57000732421875,38.9900016784668,164.83999633789062,120.11499786376953,,125.9000015258789,380.3999938964844,140.89999389648438,38.970001220703125,165.66000366210938,43.119998931884766
213.0,38.849998474121094,163.38999938964844,119.9219970703125,,126.73999786376953,379.70001220703125,139.8300018310547,38.88999938964844,165.0,42.880001068115234
217.44000244140625,39.810001373291016,165.58999633789062,120.39700317382812,,127.12999725341797,379.9599914550781,139.0800018310547,38.279998779296875,162.94000244140625,42.31999969482422
217.0,40.68000030517578,167.0800018310547,121.75650024414062,,126.11000061035156,383.010009765625,139.8800048828125,38.790000915527344,160.39999389648438,41.689998626708984
218.85000610351562,40.150001525878906,164.9600067138672,121.51000213623047,,127.3499984741211,381.8299865722656,140.75,38.709999084472656,160.2899932861328,41.86000061035156
207.41000366210938,39.630001068115234,165.3699951171875,122.44550323486328,,130.47999572753906,383.760009765625,140.55999755859375,38.400001525878906,157.57000732421875,41.36000061035156
201.58999633789062,39.59000015258789,164.49000549316406,121.41950225830078,,129.63999938964844,383.9100036621094,140.0,37.869998931884766,155.17999267578125,41.38999938964844
197.83999633789062,39.29999923706055,164.42999267578125,120.77249908447266,,130.14999389648438,379.4100036621094,137.14999389648438,37.54999923706055,156.27000427246094,41.619998931884766
202.47000122070312,39.47999954223633,165.22000122070312,121.74349975585938,,131.7899932861328,384.75,137.72000122070312,39.18000030517578,151.75999450683594,39.79999923706055
199.19000244140625,38.810001373291016,161.97999572753906,120.11100006103516,,130.4600067138672,380.8800048828125,135.1699981689453,38.75,147.9199981689453,38.779998779296875
208.24000549316406,39.41999816894531,163.83999633789062,121.8125,,132.3000030517578,386.79998779296875,136.39999389648438,39.58000183105469,150.42999267578125,39.75
221.36000061035156,39.61000061035156,163.6199951171875,122.33049774169922,,133.97999572753906,392.17999267578125,137.02999877929688,39.83000183105469,150.2100067138672,39.970001220703125
212.0399932861328,39.04999923706055,162.6300048828125,122.12699890136719,,133.6999969482422,391.9700012207031,135.9600067138672,39.189998626708984,151.1199951171875,40.20000076293945
220.13999938964844,39.189998626708984,163.3699951171875,122.5,,133.41000366210938,392.07000732421875,136.91000366210938,39.150001525878906,152.50999450683594,40.83000183105469
219.94000244140625,38.97999954223633,164.2100067138672,122.50849914550781,,133.11000061035156,394.510009765625,138.52999877929688,39.209999084472656,154.0500030517578,41.619998931884766
222.94000244140625,39.119998931884766,164.02000427246094,122.53600311279297,,134.77999877929688,396.5400085449219,138.10000610351562,39.36000061035156,154.3300018310547,41.560001373291016
234.4600067138672,39.099998474121094,164.02999877929688,122.27249908447266,,136.3300018310547,398.7900085449219,137.3000030517578,38.849998474121094,154.13999938964844,40.88999938964844
234.97999572753906,39.15999984741211,164.74000549316406,122.0895004272461,,136.9600067138672,395.6700134277344,141.02000427246094,38.310001373291016,155.5399932861328,41.22999954223633
235.11000061035156,39.560001373291016,165.9600067138672,122.44450378417969,,137.27000427246094,394.5299987792969,139.32000732421875,38.130001068115234,157.0800018310547,41.540000915527344
234.3000030517578,39.72999954223633,168.97999572753906,125.25749969482422,,139.9600067138672,398.94000244140625,140.11000061035156,38.369998931884766,156.02999877929688,41.150001525878906
233.33999633789062,39.290000915527344,167.97000122070312,126.19000244140625,,142.02000427246094,398.8599853515625,139.94000244140625,37.40999984741211,153.41000366210938,40.06999969482422
221.89999389648438,39.349998474121094,169.41000366210938,126.4739990234375,,144.57000732421875,404.67999267578125,139.7100067138672,37.63999938964844,153.58999633789062,39.75
232.7899932861328,39.25,169.0800018310547,125.04399871826172,,143.24000549316406,407.1499938964844,139.58999633789062,37.880001068115234,150.94000244140625,38.779998779296875
232.80999755859375,39.61000061035156,169.75,125.51850128173828,,145.11000061035156,412.3699951171875,140.3000030517578,38.27000045776367,155.77000427246094,40.040000915527344
239.33999633789062,39.7599983215332,169.47999572753906,126.97550201416016,,144.5,407.8800048828125,140.0500030517578,38.310001373291016,158.0,40.630001068115234
235.14999389648438,39.650001525878906,169.27000427246094,127.34149932861328,,145.63999938964844,407.05999755859375,140.5800018310547,38.06999969482422,155.64999389648438,39.86000061035156
246.66000366210938,39.95000076293945,170.4199981689453,128.23699951171875,,149.14999389648438,409.95001220703125,141.5500030517578,38.31999969482422,155.1199951171875,38.86000061035156
259.67498779296875,40.09000015258789,168.3699951171875,127.00499725341797,,148.47999572753906,411.82000732421875,141.66000366210938,38.84000015258789,155.4600067138672,38.83000183105469
286.42999267578125,40.349998474121094,168.10000610351562,126.97000122070312,,146.38999938964844,410.3699951171875,141.55999755859375,39.36000061035156,151.91000366210938,37.91999816894531
313.5899963378906,40.150001525878906,166.8800048828125,124.5780029296875,,142.4499969482422,414.1499938964844,141.22999572753906,41.06999969482422,146.97000122070312,36.93000030517578
307.3299865722656,41.04999923706055,168.4499969482422,126.20950317382812,,146.14999389648438,416.239990234375,141.8699951171875,40.56999969482422,149.7100067138672,37.689998626708984
321.1099853515625,41.02000045776367,169.49000549316406,127.54900360107422,,145.39999389648438,415.010009765625,141.1699981689453,40.11000061035156,152.86000061035156,38.459999084472656
323.4800109863281,41.470001220703125,169.97999572753906,128.42149353027344,,146.8000030517578,417.5400085449219,141.27000427246094,39.72999954223633,150.92999267578125,37.959999084472656
348.8299865722656,41.68000030517578,171.7899932861328,133.01499938964844,,148.55999755859375,423.42999267578125,142.42999267578125,39.88999938964844,150.63999938964844,37.70000076293945
335.8699951171875,41.810001373291016,171.8699951171875,134.03500366210938,,148.99000549316406,423.2300109863281,142.6300048828125,39.790000915527344,151.64999389648438,38.130001068115234
328.5,42.099998474121094,172.66000366210938,131.89999389648438,,146.77000427246094,424.3399963378906,142.63999938964844,40.029998779296875,151.4499969482422,37.97999954223633
349.32000732421875,43.45000076293945,172.17999267578125,136.093994140625,,144.97999572753906,422.2200012207031,142.05999755859375,40.029998779296875,151.6999969482422,38.130001068115234
345.6400146484375,42.790000915527344,172.17999267578125,135.77749633789062,,145.63999938964844,425.2799987792969,142.24000549316406,40.720001220703125,153.0,38.68000030517578
353.6000061035156,42.810001373291016,172.1999969482422,134.72650146484375,,145.86000061035156,429.7200012207031,142.5500030517578,40.70000076293945,151.77999877929688,38.36000061035156
346.6099853515625,43.959999084472656,172.27000427246094,134.85450744628906,,145.52000427246094,428.9200134277344,142.22000122070312,41.0099983215332,151.1699981689453,37.959999084472656
386.510009765625,45.68000030517578,174.38999938964844,135.6300048828125,,147.36000061035156,435.07000732421875,143.82000732421875,42.619998931884766,152.88999938964844,38.54999923706055
419.04998779296875,45.189998626708984,173.36000061035156,135.12550354003906,,146.9499969482422,435.0400085449219,142.83999633789062,41.91999816894531,151.24000549316406,38.27000045776367
416.260009765625,45.060001373291016,173.69000244140625,136.25149536132812,,147.05999755859375,443.19000244140625,145.49000549316406,41.869998931884766,153.14999389648438,39.02000045776367
413.7200012207031,45.06999969482422,173.11000061035156,135.73849487304688,,146.13999938964844,439.6300048828125,145.22999572753906,41.75,157.5,40.150001525878906
484.4700012207031,45.97999954223633,173.7100067138672,136.91299438476562,,146.08999633789062,440.4700012207031,145.5800018310547,42.279998779296875,157.3300018310547,40.66999816894531
456.760009765625,48.189998626708984,173.77000427246094,136.8070068359375,,145.60000610351562,443.0299987792969,148.67999267578125,42.779998779296875,159.25999450683594,41.43000030517578
385.3299865722656,46.310001373291016,173.8000030517578,136.2790069580078,,145.86000061035156,444.29998779296875,150.00999450683594,43.0,161.16000366210938,41.95000076293945
391.4200134277344,47.2400016784668,175.1999969482422,137.19400024414062,,148.88999938964844,445.3599853515625,149.05999755859375,42.63999938964844,161.7899932861328,42.150001525878906
389.7799987792969,48.47999954223633,176.25,137.7274932861328,,149.10000610351562,447.82000732421875,149.52999877929688,42.810001373291016,159.97999572753906,41.630001068115234
373.8599853515625,48.90999984741211,177.83999633789062,138.3094940185547,,151.1199951171875,452.8599853515625,150.75,43.45000076293945,158.92999267578125,41.290000915527344
401.8599853515625,50.41999816894531,179.47000122070312,136.6614990234375,,150.19000244140625,452.3399963378906,150.6999969482422,45.439998626708984,157.00999450683594,41.09000015258789
398.79998779296875,49.310001373291016,177.19000244140625,135.44900512695312,,146.36000061035156,446.2099914550781,149.10000610351562,46.2599983215332,155.5800018310547,40.790000915527344
375.5299987792969,48.79999923706055,178.57000732421875,135.67999267578125,,146.6999969482422,454.260009765625,150.11000061035156,45.93000030517578,154.27999877929688,40.189998626708984
382.9800109863281,48.720001220703125,179.44000244140625,137.42950439453125,,148.19000244140625,458.989990234375,151.4499969482422,46.939998626708984,154.72000122070312,40.369998931884766
411.8900146484375,49.93000030517578,177.61000061035156,140.04150390625,,149.7100067138672,454.92999267578125,150.4499969482422,46.7400016784668,156.6999969482422,40.90999984741211
394.94000244140625,48.380001068115234,175.38999938964844,141.26150512695312,,149.6199951171875,451.7900085449219,148.89999389648438,45.75,157.6699981689453,41.47999954223633
397.8699951171875,47.5099983215332,174.22999572753906,142.07899475097656,,148.36000061035156,451.2300109863281,148.9600067138672,45.79999923706055,160.9199981689453,42.150001525878906
400.29998779296875,47.380001068115234,173.3000030517578,141.4405059814453,,147.5399932861328,449.30999755859375,147.35000610351562,45.16999816894531,161.75,42.040000915527344
382.2200012207031,46.599998474121094,172.92999267578125,144.00399780273438,,148.60000610351562,450.3399963378906,146.52000427246094,45.4900016784668,163.0500030517578,42.4900016784668
370.69000244140625,46.7599983215332,173.66000366210938,144.5904998779297,,153.1199951171875,455.92999267578125,147.6999969482422,46.20000076293945,160.44000244140625,41.65999984741211
376.69000244140625,46.06999969482422,173.1300048828125,144.69749450683594,,151.8300018310547,455.489990234375,148.10000610351562,46.029998779296875,159.9499969482422,41.75
389.94000244140625,46.040000915527344,173.74000549316406,145.2154998779297,,152.50999450683594,456.5199890136719,147.77999877929688,45.7400016784668,159.72000122070312,41.189998626708984
397.6600036621094,46.84000015258789,174.92999267578125,143.28700256347656,,153.64999389648438,460.9700012207031,148.55999755859375,47.310001373291016,160.4600067138672,41.02000045776367
416.70001220703125,46.84000015258789,175.0399932861328,143.739501953125,,154.3000030517578,462.54998779296875,149.25,46.650001525878906,159.49000549316406,41.04999923706055
436.3900146484375,46.75,172.32000732421875,144.28050231933594,,156.69000244140625,459.6000061035156,147.27000427246094,45.9900016784668,159.2100067138672,41.31999969482422
422.8999938964844,46.5099983215332,171.89999389648438,143.6909942626953,,155.11000061035156,465.70001220703125,147.4600067138672,46.290000915527344,158.5,40.779998779296875
455.9200134277344,46.029998779296875,168.07000732421875,143.54100036621094,,154.07000732421875,465.94000244140625,146.4199981689453,46.130001068115234,159.19000244140625,40.93000030517578
449.3800048828125,45.59000015258789,166.97000122070312,140.87600708007812,,148.97000122070312,465.1600036621094,145.88999938964844,42.66999816894531,157.36000061035156,40.27000045776367
419.7200012207031,44.58000183105469,165.8000030517578,142.33250427246094,,149.5500030517578,459.6600036621094,145.05999755859375,42.880001068115234,159.86000061035156,40.939998626708984
427.7099914550781,44.709999084472656,164.8000030517578,142.54449462890625,,148.1199951171875,458.4100036621094,144.3000030517578,41.790000915527344,157.07000732421875,39.84000015258789
434.4599914550781,44.77000045776367,165.4199981689453,144.42950439453125,,149.02999877929688,460.7300109863281,144.5500030517578,41.099998474121094,158.16000366210938,40.13999938964844
,,,,333.739990234375,,,,,,
,,,,341.6600036621094,,,,,,
,,,,334.8999938964844,,,,,,
,,,,333.7900085449219,,,,,,
,,,,325.45001220703125,,,,,,
,,,,334.20001220703125,,,,,,
,,,,330.45001220703125,,,,,,
,,,,335.239990234375,,,,,,
,,,,346.17999267578125,,,,,,
,,,,346.2200012207031,,,,,,
,,,,342.94000244140625,,,,,,
,,,,344.3599853515625,,,,,,
,,,,336.3500061035156,,,,,,
,,,,338.5400085449219,,,,,,
,,,,336.5299987792969,,,,,,
,,,,324.1700134277344,,,,,,
,,,,332.4599914550781,,,,,,
,,,,331.7900085449219,,,,,,
,,,,328.07000732421875,,,,,,
,,,,334.3699951171875,,,,,,
,,,,333.260009765625,,,,,,
,,,,326.4800109863281,,,,,,
,,,,331.8999938964844,,,,,,
,,,,318.1499938964844,,,,,,
,,,,319.5899963378906,,,,,,
,,,,316.55999755859375,,,,,,
,,,,303.1700134277344,,,,,,
,,,,308.7099914550781,,,,,,
,,,,300.1499938964844,,,,,,
,,,,294.6300048828125,,,,,,
,,,,294.6400146484375,,,,,,
,,,,301.7099914550781,,,,,,
,,,,313.260009765625,,,,,,
,,,,319.0,,,,,,
,,,,323.0,,,,,,
,,,,237.75999450683594,,,,,,
,,,,237.08999633789062,,,,,,
,,,,224.91000366210938,,,,,,
,,,,220.17999267578125,,,,,,
,,,,232.0,,,,,,
,,,,228.07000732421875,,,,,,
,,,,219.5500030517578,,,,,,
,,,,217.6999969482422,,,,,,
,,,,221.0,,,,,,
,,,,216.5399932861328,,,,,,
,,,,207.7100067138672,,,,,,
,,,,206.16000366210938,,,,,,
,,,,202.0800018310547,,,,,,
,,,,198.4499969482422,,,,,,
,,,,207.60000610351562,,,,,,
,,,,210.47999572753906,,,,,,
,,,,211.02999877929688,,,,,,
,,,,203.49000549316406,,,,,,
,,,,208.11000061035156,,,,,,
,,,,202.97000122070312,,,,,,
,,,,200.05999755859375,,,,,,
,,,,187.47000122070312,,,,,,
,,,,190.2899932861328,,,,,,
,,,,198.5,,,,,,
,,,,195.2100067138672,,,,,,
,,,,187.61000061035156,,,,,,
,,,,186.6300048828125,,,,,,
,,,,192.02999877929688,,,,,,
,,,,203.6300048828125,,,,,,
,,,,207.83999633789062,,,,,,
,,,,216.49000549316406,,,,,,
,,,,211.49000549316406,,,,,,
,,,,216.64999389648438,,,,,,
,,,,213.4600067138672,,,,,,
,,,,219.57000732421875,,,,,,
,,,,221.82000732421875,,,,,,
,,,,223.58999633789062,,,,,,
,,,,229.86000061035156,,,,,,
,,,,227.85000610351562,,,,,,
,,,,222.36000061035156,,,,,,
,,,,224.85000610351562,,,,,,
,,,,233.88999938964844,,,,,,
,,,,231.83999633789062,,,,,,
,,,,223.3000030517578,,,,,,
,,,,222.9499969482422,,,,,,
,,,,222.3300018310547,,,,,,
,,,,216.4600067138672,,,,,,
,,,,214.13999938964844,,,,,,
,,,,214.99000549316406,,,,,,
,,,,210.17999267578125,,,,,,
,,,,210.77000427246094,,,,,,
,,,,217.30999755859375,,,,,,
,,,,200.4199981689453,,,,,,
,,,,188.07000732421875,,,,,,
,,,,184.11000061035156,,,,,,
,,,,186.99000549316406,,,,,,
,,,,180.9499969482422,,,,,,
,,,,174.9499969482422,,,,,,
,,,,205.72999572753906,,,,,,
,,,,200.47000122070312,,,,,,
,,,,211.1300048828125,,,,,,
,,,,212.02999877929688,,,,,,
,,,,223.41000366210938,,,,,,
,,,,208.27999877929688,,,,,,
,,,,203.77000427246094,,,,,,
,,,,196.2100067138672,,,,,,
,,,,197.64999389648438,,,,,,
,,,,188.74000549316406,,,,,,
,,,,191.24000549316406,,,,,,
,,,,198.6199951171875,,,,,,
,,,,200.0399932861328,,,,,,
,,,,202.6199951171875,,,,,,
,,,,192.24000549316406,,,,,,
,,,,191.2899932861328,,,,,,
,,,,193.5399932861328,,,,,,
,,,,196.22999572753906,,,,,,
,,,,181.27999877929688,,,,,,
,,,,183.8300018310547,,,,,,
,,,,191.6300048828125,,,,,,
,,,,195.1300048828125,,,,,,
,,,,193.63999938964844,,,,,,
,,,,188.63999938964844,,,,,,
,,,,198.86000061035156,,,,,,
,,,,190.77999877929688,,,,,,
,,,,194.25,,,,,,
,,,,195.64999389648438,,,,,,
,,,,196.63999938964844,,,,,,
,,,,184.0,,,,,,
,,,,175.57000732421875,,,,,,
,,,,164.25999450683594,,,,,,
,,,,163.72999572753906,,,,,,
,,,,169.35000610351562,,,,,,
,,,,160.8699951171875,,,,,,
,,,,163.74000549316406,,,,,,
,,,,157.0500030517578,,,,,,
,,,,155.85000610351562,,,,,,
,,,,158.75,,,,,,
,,,,170.16000366210938,,,,,,
,,,,169.49000549316406,,,,,,
,,,,160.67999267578125,,,,,,
,,,,163.94000244140625,,,,,,
,,,,161.25,,,,,,
,,,,160.02999877929688,,,,,,
,,,,168.19000244140625,,,,,,
,,,,169.77000427246094,,,,,,
,,,,172.19000244140625,,,,,,
,,,,170.8800048828125,,,,,,
,,,,162.8800048828125,,,,,,
,,,,163.27000427246094,,,,,,
,,,,163.49000549316406,,,,,,
,,,,158.0500030517578,,,,,,
,,,,164.6999969482422,,,,,,
,,,,167.22999572753906,,,,,,
,,,,175.77999877929688,,,,,,
,,,,183.08999633789062,,,,,,
,,,,183.1699981689453,,,,,,
,,,,169.27000427246094,,,,,,
,,,,166.64999389648438,,,,,,
,,,,159.14999389648438,,,,,,
,,,,169.5800018310547,,,,,,
,,,,160.72000122070312,,,,,,
,,,,159.10000610351562,,,,,,
,,,,159.92999267578125,,,,,,
,,,,160.19000244140625,,,,,,
,,,,168.8000030517578,,,,,,
,,,,170.57000732421875,,,,,,
,,,,167.11000061035156,,,,,,
,,,,170.25,,,,,,
,,,,168.52999877929688,,,,,,
,,,,178.33999633789062,,,,,,
,,,,177.49000549316406,,,,,,
,,,,180.5,,,,,,
,,,,180.88999938964844,,,,,,
,,,,179.47000122070312,,,,,,
,,,,174.85000610351562,,,,,,
,,,,174.66000366210938,,,,,,
,,,,167.9600067138672,,,,,,
,,,,163.0500030517578,,,,,,
,,,,161.11000061035156,,,,,,
,,,,163.25999450683594,,,,,,
,,,,168.77999877929688,,,,,,
,,,,161.77999877929688,,,,,,
,,,,159.1699981689453,,,,,,
,,,,157.16000366210938,,,,,,
,,,,162.92999267578125,,,,,,
,,,,165.36000061035156,,,,,,
,,,,160.32000732421875,,,,,,
,,,,158.5399932861328,,,,,,
,,,,160.38999938964844,,,,,,
,,,,162.05999755859375,,,,,,
,,,,169.14999389648438,,,,,,
,,,,168.9600067138672,,,,,,
,,,,153.1300048828125,,,,,,
,,,,151.47000122070312,,,,,,
,,,,149.5500030517578,,,,,,
,,,,146.2899932861328,,,,,,
,,,,148.02000427246094,,,,,,
,,,,146.08999633789062,,,,,,
,,,,142.1199951171875,,,,,,
,,,,142.82000732421875,,,,,,
,,,,140.41000366210938,,,,,,
,,,,136.3699951171875,,,,,,
,,,,134.39999389648438,,,,,,
,,,,141.61000061035156,,,,,,
,,,,136.41000366210938,,,,,,
,,,,135.67999267578125,,,,,,
,,,,138.61000061035156,,,,,,
,,,,140.27999877929688,,,,,,
,,,,138.97999572753906,,,,,,
,,,,139.07000732421875,,,,,,
,,,,133.4499969482422,,,,,,
,,,,133.7899932861328,,,,,,
,,,,128.5399932861328,,,,,,
,,,,127.5,,,,,,
,,,,130.2899932861328,,,,,,
,,,,126.76000213623047,,,,,,
,,,,134.0399932861328,,,,,,
,,,,132.8000030517578,,,,,,
,,,,133.22999572753906,,,,,,
,,,,131.52999877929688,,,,,,
,,,,130.00999450683594,,,,,,
,,,,129.72000122070312,,,,,,
,,,,137.50999450683594,,,,,,
,,,,129.82000732421875,,,,,,
,,,,97.94000244140625,,,,,,
,,,,99.19999694824219,,,,,,
,,,,93.16000366210938,,,,,,
,,,,95.19999694824219,,,,,,
,,,,90.54000091552734,,,,,,
,,,,88.91000366210938,,,,,,
,,,,90.79000091552734,,,,,,
,,,,96.72000122070312,,,,,,
,,,,96.47000122070312,,,,,,
,,,,101.47000122070312,,,,,,
,,,,111.87000274658203,,,,,,
,,,,113.0199966430664,,,,,,
,,,,114.22000122070312,,,,,,
,,,,117.08000183105469,,,,,,
,,,,113.2300033569336,,,,,,
,,,,111.44999694824219,,,,,,
,,,,112.05000305175781,,,,,,
,,,,109.86000061035156,,,,,,
,,,,111.44000244140625,,,,,,
,,,,112.23999786376953,,,,,,
,,,,111.41000366210938,,,,,,
,,,,108.77999877929688,,,,,,
,,,,109.45999908447266,,,,,,
,,,,118.0999984741211,,,,,,
,,,,120.44000244140625,,,,,,
,,,,123.48999786376953,,,,,,
,,,,122.43000030517578,,,,,,
,,,,114.12000274658203,,,,,,
,,,,113.93000030517578,,,,,,
,,,,115.33000183105469,,,,,,
,,,,115.9000015258789,,,,,,
,,,,114.70999908447266,,,,,,
,,,,120.1500015258789,,,,,,
